USE [rppcustomerdb]
SET IDENTITY_INSERT [dbo].[Address] ON 

INSERT [dbo].[Address] ([AddressID], [AddressLine1], [AddressLine2], [AttentionTo], [City], [State], [Zip], [County], [StandardizedAddressID], [StandardizedAddressLine1], [StandardizedAddressLine2], [StandardizedCity], [StandardizedState], [StandardizedZip], [StandardizedCounty], [IsStandardized], [IsAccepted], [CreatedDate], [CreatedBy], [ModifiedDate], [ModifiedBy]) VALUES (1, N'800 Bayside Dr.', N'2', NULL, N'Palatine', N'IL', N'60407', N'Cook', NULL, NULL, NULL, NULL, NULL, NULL, NULL, 1, 0, CAST(N'2021-03-09T00:27:15.010' AS DateTime), N'ihda\gtung', NULL, NULL)
INSERT [dbo].[Address] ([AddressID], [AddressLine1], [AddressLine2], [AttentionTo], [City], [State], [Zip], [County], [StandardizedAddressID], [StandardizedAddressLine1], [StandardizedAddressLine2], [StandardizedCity], [StandardizedState], [StandardizedZip], [StandardizedCounty], [IsStandardized], [IsAccepted], [CreatedDate], [CreatedBy], [ModifiedDate], [ModifiedBy]) VALUES (2, N'9327 S Jeffery Ave', N'', NULL, N'Chicago', N'IL', N'60602', N'Cook', NULL, NULL, NULL, NULL, NULL, NULL, NULL, 0, 0, CAST(N'2021-03-09T00:27:15.010' AS DateTime), N'ihda\gtung', NULL, NULL)
INSERT [dbo].[Address] ([AddressID], [AddressLine1], [AddressLine2], [AttentionTo], [City], [State], [Zip], [County], [StandardizedAddressID], [StandardizedAddressLine1], [StandardizedAddressLine2], [StandardizedCity], [StandardizedState], [StandardizedZip], [StandardizedCounty], [IsStandardized], [IsAccepted], [CreatedDate], [CreatedBy], [ModifiedDate], [ModifiedBy]) VALUES (3, N'1404 S  Burnham', N'', NULL, N'Calumet City', N'IL', N'60100', N'Will', NULL, NULL, NULL, NULL, NULL, NULL, NULL, 1, 0, CAST(N'2021-03-09T00:27:15.010' AS DateTime), N'ihda\gtung', NULL, NULL)
INSERT [dbo].[Address] ([AddressID], [AddressLine1], [AddressLine2], [AttentionTo], [City], [State], [Zip], [County], [StandardizedAddressID], [StandardizedAddressLine1], [StandardizedAddressLine2], [StandardizedCity], [StandardizedState], [StandardizedZip], [StandardizedCounty], [IsStandardized], [IsAccepted], [CreatedDate], [CreatedBy], [ModifiedDate], [ModifiedBy]) VALUES (4, N'1305 Pitner Ave', N'3B', NULL, N'Evanston', N'IL', N'60608', N'Cook', NULL, NULL, NULL, NULL, NULL, NULL, NULL, 0, 0, CAST(N'2021-03-09T00:27:15.010' AS DateTime), N'ihda\gtung', NULL, NULL)
INSERT [dbo].[Address] ([AddressID], [AddressLine1], [AddressLine2], [AttentionTo], [City], [State], [Zip], [County], [StandardizedAddressID], [StandardizedAddressLine1], [StandardizedAddressLine2], [StandardizedCity], [StandardizedState], [StandardizedZip], [StandardizedCounty], [IsStandardized], [IsAccepted], [CreatedDate], [CreatedBy], [ModifiedDate], [ModifiedBy]) VALUES (5, N'200 Providence Dr', N'', NULL, N'Matteson', N'IL', N'60543', N'Cook', NULL, NULL, NULL, NULL, NULL, NULL, NULL, 1, 0, CAST(N'2021-03-09T00:27:15.010' AS DateTime), N'ihda\gtung', NULL, NULL)
INSERT [dbo].[Address] ([AddressID], [AddressLine1], [AddressLine2], [AttentionTo], [City], [State], [Zip], [County], [StandardizedAddressID], [StandardizedAddressLine1], [StandardizedAddressLine2], [StandardizedCity], [StandardizedState], [StandardizedZip], [StandardizedCounty], [IsStandardized], [IsAccepted], [CreatedDate], [CreatedBy], [ModifiedDate], [ModifiedBy]) VALUES (6, N'3740 N Halsted St', N'719', NULL, N'Chicago', N'IL', N'60323', N'Cook', NULL, NULL, NULL, NULL, NULL, NULL, NULL, 0, 0, CAST(N'2021-03-09T00:27:15.010' AS DateTime), N'ihda\gtung', NULL, NULL)
INSERT [dbo].[Address] ([AddressID], [AddressLine1], [AddressLine2], [AttentionTo], [City], [State], [Zip], [County], [StandardizedAddressID], [StandardizedAddressLine1], [StandardizedAddressLine2], [StandardizedCity], [StandardizedState], [StandardizedZip], [StandardizedCounty], [IsStandardized], [IsAccepted], [CreatedDate], [CreatedBy], [ModifiedDate], [ModifiedBy]) VALUES (7, N'3740 N Halsted St', N'719', NULL, N'Chicago', N'IL', N'60323', N'Cook', NULL, NULL, NULL, NULL, NULL, NULL, NULL, 0, 0, CAST(N'2021-03-09T00:27:15.010' AS DateTime), N'ihda\gtung', NULL, NULL)
INSERT [dbo].[Address] ([AddressID], [AddressLine1], [AddressLine2], [AttentionTo], [City], [State], [Zip], [County], [StandardizedAddressID], [StandardizedAddressLine1], [StandardizedAddressLine2], [StandardizedCity], [StandardizedState], [StandardizedZip], [StandardizedCounty], [IsStandardized], [IsAccepted], [CreatedDate], [CreatedBy], [ModifiedDate], [ModifiedBy]) VALUES (8, N'4426 N Clifton ave', N'BSMT', NULL, N'Chicago', N'IL', N'60603', N'Cook', NULL, NULL, NULL, NULL, NULL, NULL, NULL, 1, 0, CAST(N'2021-03-09T00:27:15.010' AS DateTime), N'ihda\gtung', NULL, NULL)
INSERT [dbo].[Address] ([AddressID], [AddressLine1], [AddressLine2], [AttentionTo], [City], [State], [Zip], [County], [StandardizedAddressID], [StandardizedAddressLine1], [StandardizedAddressLine2], [StandardizedCity], [StandardizedState], [StandardizedZip], [StandardizedCounty], [IsStandardized], [IsAccepted], [CreatedDate], [CreatedBy], [ModifiedDate], [ModifiedBy]) VALUES (9, N'3319 West Adams', N'Unit B Basement', NULL, N'Chicago', N'IL', N'60235', N'Cook', NULL, NULL, NULL, NULL, NULL, NULL, NULL, 0, 0, CAST(N'2021-03-09T00:27:15.010' AS DateTime), N'ihda\gtung', NULL, NULL)
INSERT [dbo].[Address] ([AddressID], [AddressLine1], [AddressLine2], [AttentionTo], [City], [State], [Zip], [County], [StandardizedAddressID], [StandardizedAddressLine1], [StandardizedAddressLine2], [StandardizedCity], [StandardizedState], [StandardizedZip], [StandardizedCounty], [IsStandardized], [IsAccepted], [CreatedDate], [CreatedBy], [ModifiedDate], [ModifiedBy]) VALUES (10, N'1502 W. McClure Ave', N'', NULL, N'Peoria', N'IL', N'60592', N'', NULL, NULL, NULL, NULL, NULL, NULL, NULL, 1, 0, CAST(N'2021-03-09T00:27:15.010' AS DateTime), N'ihda\gtung', NULL, NULL)
INSERT [dbo].[Address] ([AddressID], [AddressLine1], [AddressLine2], [AttentionTo], [City], [State], [Zip], [County], [StandardizedAddressID], [StandardizedAddressLine1], [StandardizedAddressLine2], [StandardizedCity], [StandardizedState], [StandardizedZip], [StandardizedCounty], [IsStandardized], [IsAccepted], [CreatedDate], [CreatedBy], [ModifiedDate], [ModifiedBy]) VALUES (11, N'11 St Peters Dr', N'', NULL, N'Bourbonnais', N'IL', N'62345', N'DuPage', 33456237, N'11 St Peters Dr', N'', N'Bourbonnais', N'IL', N'62345', N'DuPage', 1, 0, CAST(N'2021-03-09T00:27:15.010' AS DateTime), N'ihda\gtung', NULL, NULL)
INSERT [dbo].[Address] ([AddressID], [AddressLine1], [AddressLine2], [AttentionTo], [City], [State], [Zip], [County], [StandardizedAddressID], [StandardizedAddressLine1], [StandardizedAddressLine2], [StandardizedCity], [StandardizedState], [StandardizedZip], [StandardizedCounty], [IsStandardized], [IsAccepted], [CreatedDate], [CreatedBy], [ModifiedDate], [ModifiedBy]) VALUES (12, N'317 Oak Blvd.', N'749 East Rocky New Road', N'PV7K69YCDITP12W4URH7LH2ZGIJDHA8I2OWIFUNTJUMHFCIFMR2S3SP7S73OPKU39BMC6DP', N'Lincoln', N'KY', N'59898-4747', N'Somerset', 1, N'444 Rocky Milton Blvd.', N'97 Oak Avenue', N'Fresno', N'WY', N'68309-9508', N'Cambridgeshire', 0, 1, CAST(N'2020-03-03T02:02:46.180' AS DateTime), N'SN6VEI', CAST(N'2020-04-04T19:49:45.020' AS DateTime), N'E1MS5F')
INSERT [dbo].[Address] ([AddressID], [AddressLine1], [AddressLine2], [AttentionTo], [City], [State], [Zip], [County], [StandardizedAddressID], [StandardizedAddressLine1], [StandardizedAddressLine2], [StandardizedCity], [StandardizedState], [StandardizedZip], [StandardizedCounty], [IsStandardized], [IsAccepted], [CreatedDate], [CreatedBy], [ModifiedDate], [ModifiedBy]) VALUES (13, N'162 Clarendon Freeway', N'30 North Green First Avenue', N'', N'Arlington', N'IA', N'75173-8663', N'Wigtownshire', 2, N'15 Fabien St.', N'52 White First Freeway', N'Philadelphia', N'KY', N'52013-0350', N'Powys', 1, 0, CAST(N'2021-01-08T18:38:49.860' AS DateTime), N'2JTQBB', CAST(N'2020-03-13T04:02:07.950' AS DateTime), N'BAAAOC')
INSERT [dbo].[Address] ([AddressID], [AddressLine1], [AddressLine2], [AttentionTo], [City], [State], [Zip], [County], [StandardizedAddressID], [StandardizedAddressLine1], [StandardizedAddressLine2], [StandardizedCity], [StandardizedState], [StandardizedZip], [StandardizedCounty], [IsStandardized], [IsAccepted], [CreatedDate], [CreatedBy], [ModifiedDate], [ModifiedBy]) VALUES (14, N'36 Fabien Street', N'377 East Green Oak Avenue', N'ONQVLK303RQ8FE9ZOQ7RZ3ZZI84Q59822PF4YB6N0NLT4VTWDCHNH83KORCDFDUUJO5QZ40DJKQCI5VNE8DSRKLTLVF', N'Newark', N'IN', N'12304-9407', N'Fife', 3, N'66 Nobel Way', N'921 White Fabien Avenue', N'Cincinnati', N'DE', N'59817-5985', N'Ayrshire', 1, 0, CAST(N'2021-11-25T20:04:15.640' AS DateTime), N'N0J4W2', CAST(N'2020-09-12T08:36:36.700' AS DateTime), N'WUR6OC')
INSERT [dbo].[Address] ([AddressID], [AddressLine1], [AddressLine2], [AttentionTo], [City], [State], [Zip], [County], [StandardizedAddressID], [StandardizedAddressLine1], [StandardizedAddressLine2], [StandardizedCity], [StandardizedState], [StandardizedZip], [StandardizedCounty], [IsStandardized], [IsAccepted], [CreatedDate], [CreatedBy], [ModifiedDate], [ModifiedBy]) VALUES (15, N'477 Old Parkway', N'78 Fabien Freeway', N'YT7MTQAFP2X8C44WIR2IWOY7013Y3B53PTFPC3IRVFYCA5GNGOBTTWA9V0MRNBCDXTIIOEJE8ANGQLWVK', N'Sacramento', N'NY', N'70043-1359', N'Cheshire', 4, N'51 Hague Way', N'75 Old Avenue', N'Garland', N'CO', N'13725-4357', N'Ayrshire', 0, 0, CAST(N'2021-12-11T11:18:22.960' AS DateTime), N'VYDGJ7', CAST(N'2020-10-19T02:20:47.990' AS DateTime), N'7OKQ9G')
INSERT [dbo].[Address] ([AddressID], [AddressLine1], [AddressLine2], [AttentionTo], [City], [State], [Zip], [County], [StandardizedAddressID], [StandardizedAddressLine1], [StandardizedAddressLine2], [StandardizedCity], [StandardizedState], [StandardizedZip], [StandardizedCounty], [IsStandardized], [IsAccepted], [CreatedDate], [CreatedBy], [ModifiedDate], [ModifiedBy]) VALUES (16, N'769 Nobel Parkway', N'990 Clarendon Drive', N'IEZBASI5TBHQ4J3KEHMYY14XLI9UIA4R76TXDMJQZIL7WH53D57F9M', N'Los Angeles', N'MS', N'03570-4973', N'Rutland', 5, N'35 White New Street', N'283 South Green Hague Avenue', N'Milwaukee', N'NY', N'27649-5017', N'Angus', 0, 1, CAST(N'2020-11-09T18:11:00.350' AS DateTime), N'RGX4EK', CAST(N'2020-08-30T22:14:37.500' AS DateTime), N'D7GXG9')
INSERT [dbo].[Address] ([AddressID], [AddressLine1], [AddressLine2], [AttentionTo], [City], [State], [Zip], [County], [StandardizedAddressID], [StandardizedAddressLine1], [StandardizedAddressLine2], [StandardizedCity], [StandardizedState], [StandardizedZip], [StandardizedCounty], [IsStandardized], [IsAccepted], [CreatedDate], [CreatedBy], [ModifiedDate], [ModifiedBy]) VALUES (17, N'52 Rocky Second Freeway', N'702 South Milton Parkway', N'GA2QRIOMJ7QJXP66SYVYFGW13C6HD2PIKODNBWR8BV106Y8D7Z', N'San Diego', N'WA', N'58557-2806', N'Inverness-shire', 6, N'55 East Rocky Hague St.', N'20 West Old Road', N'Milwaukee', N'AZ', N'42318-8009', N'Ross', 0, 1, CAST(N'2021-01-30T02:41:41.180' AS DateTime), N'4Y9LKF', CAST(N'2020-07-30T00:04:26.100' AS DateTime), N'RBLQ3Z')
INSERT [dbo].[Address] ([AddressID], [AddressLine1], [AddressLine2], [AttentionTo], [City], [State], [Zip], [County], [StandardizedAddressID], [StandardizedAddressLine1], [StandardizedAddressLine2], [StandardizedCity], [StandardizedState], [StandardizedZip], [StandardizedCounty], [IsStandardized], [IsAccepted], [CreatedDate], [CreatedBy], [ModifiedDate], [ModifiedBy]) VALUES (18, N'743 White Oak Freeway', N'144 Nobel Boulevard', N'GEO20D1NFC79GH8Z9CIVW7MNJEWU54SADO83WMC9A9CW4LKIYYZ0O4I9R0I', N'Anchorage', N'DE', N'68179-4527', N'Cambridgeshire', 7, N'36 Nobel Road', N'26 Green First Parkway', N'Grand Rapids', N'IA', N'20730-6824', N'Hertfordshire', 0, 0, CAST(N'2020-02-24T16:50:51.590' AS DateTime), N'7VR4QT', CAST(N'2021-12-09T20:45:15.660' AS DateTime), N'FXISR0')
INSERT [dbo].[Address] ([AddressID], [AddressLine1], [AddressLine2], [AttentionTo], [City], [State], [Zip], [County], [StandardizedAddressID], [StandardizedAddressLine1], [StandardizedAddressLine2], [StandardizedCity], [StandardizedState], [StandardizedZip], [StandardizedCounty], [IsStandardized], [IsAccepted], [CreatedDate], [CreatedBy], [ModifiedDate], [ModifiedBy]) VALUES (19, N'41 East First Freeway', N'644 East Rocky Clarendon Boulevard', N'H6IAJWWS942MZ9KNUQIYTDV65RM95YCV4RS3Q1C7', N'Honolulu', N'WV', N'02056-8909', N'Armagh', 8, N'573 Rocky Milton Boulevard', N'38 West Nobel St.', N'Bakersfield', N'MS', N'87143-6483', N'West Midlands', 0, 1, CAST(N'2020-12-08T11:07:41.290' AS DateTime), N'DDZYLL', CAST(N'2020-12-10T22:08:58.600' AS DateTime), N'MAFCZ5')
INSERT [dbo].[Address] ([AddressID], [AddressLine1], [AddressLine2], [AttentionTo], [City], [State], [Zip], [County], [StandardizedAddressID], [StandardizedAddressLine1], [StandardizedAddressLine2], [StandardizedCity], [StandardizedState], [StandardizedZip], [StandardizedCounty], [IsStandardized], [IsAccepted], [CreatedDate], [CreatedBy], [ModifiedDate], [ModifiedBy]) VALUES (20, N'110 Oak Blvd.', N'457 Fabien Parkway', N'S9UWC0EJVE0IKR4AB5SAMMAR6I8GH', N'Fresno', N'NJ', N'14198-9178', N'Stirlingshire', 9, N'99 New Way', N'17 White Nobel Way', N'St. Louis', N'MS', N'78583-4556', N'Lanarkshire', 0, 1, CAST(N'2021-11-29T14:56:13.690' AS DateTime), N'OTFVAQ', CAST(N'2020-05-29T05:58:13.140' AS DateTime), NULL)
INSERT [dbo].[Address] ([AddressID], [AddressLine1], [AddressLine2], [AttentionTo], [City], [State], [Zip], [County], [StandardizedAddressID], [StandardizedAddressLine1], [StandardizedAddressLine2], [StandardizedCity], [StandardizedState], [StandardizedZip], [StandardizedCounty], [IsStandardized], [IsAccepted], [CreatedDate], [CreatedBy], [ModifiedDate], [ModifiedBy]) VALUES (21, N'871 West Milton Road', N'69 Green New Way', N'TEB81319TQ', N'Raleigh', N'CO', N'67652-0511', N'Sutherland', 10, N'15 Green Fabien Street', N'695 Old Street', N'Tucson', N'OH', N'15665-0325', N'Tyne and Wear', 0, 0, CAST(N'2020-05-06T19:36:35.240' AS DateTime), N'2VLWQD', CAST(N'2021-10-27T04:38:53.710' AS DateTime), N'D11WY6')
INSERT [dbo].[Address] ([AddressID], [AddressLine1], [AddressLine2], [AttentionTo], [City], [State], [Zip], [County], [StandardizedAddressID], [StandardizedAddressLine1], [StandardizedAddressLine2], [StandardizedCity], [StandardizedState], [StandardizedZip], [StandardizedCounty], [IsStandardized], [IsAccepted], [CreatedDate], [CreatedBy], [ModifiedDate], [ModifiedBy]) VALUES (22, N'794 Green First Avenue', N'877 West Cowley Way', N'QAJCDJ0NSEWKX36Z3PTSX1YLM7BQ092B13VBQFTY8SPHWUE5V3YJZY9PCYP689NJCKJT7U9NWUK4CHOS', N'New Orleans', N'WI', N'57351-0016', N'Warwickshire', 11, N'787 White First Boulevard', N'30 White Oak Way', N'Oakland', N'CT', N'94603-6461', N'Clackmannanshire', 1, 1, CAST(N'2020-02-28T02:29:58.920' AS DateTime), N'1AICM6', CAST(N'2021-02-07T17:32:14.640' AS DateTime), NULL)
INSERT [dbo].[Address] ([AddressID], [AddressLine1], [AddressLine2], [AttentionTo], [City], [State], [Zip], [County], [StandardizedAddressID], [StandardizedAddressLine1], [StandardizedAddressLine2], [StandardizedCity], [StandardizedState], [StandardizedZip], [StandardizedCounty], [IsStandardized], [IsAccepted], [CreatedDate], [CreatedBy], [ModifiedDate], [ModifiedBy]) VALUES (23, N'436 New Way', N'394 Hague Freeway', N'6UXAIC2T6ZRPMQY554C', N'Louisville', N'ME', N'86769-8600', N'Powys', 12, N'906 Clarendon Parkway', N'29 Clarendon Street', N'San Diego', N'TN', N'73882-1379', N'Staffordshire', 1, 1, CAST(N'2021-11-30T21:13:36.570' AS DateTime), N'3LCTER', CAST(N'2021-01-14T17:27:39.540' AS DateTime), N'2TD82P')
INSERT [dbo].[Address] ([AddressID], [AddressLine1], [AddressLine2], [AttentionTo], [City], [State], [Zip], [County], [StandardizedAddressID], [StandardizedAddressLine1], [StandardizedAddressLine2], [StandardizedCity], [StandardizedState], [StandardizedZip], [StandardizedCounty], [IsStandardized], [IsAccepted], [CreatedDate], [CreatedBy], [ModifiedDate], [ModifiedBy]) VALUES (24, N'188 Rocky Fabien Street', N'449 Rocky Fabien Freeway', N'KY0UAN4D4CU9XD2FP8U8G00UHY94MZ6CCH88U20V7OPU4IR9OJGXA3UKX5CCD0R55HXG4U', N'Albuquerque', N'AR', N'65280-6958', N'Warwickshire', 13, N'246 Oak Drive', N'801 East White Oak Boulevard', N'Boston', N'VT', N'05686-7341', N'Lincolnshire', 0, 1, CAST(N'2021-04-06T06:28:03.990' AS DateTime), N'2Y6TZK', CAST(N'2020-01-05T22:45:10.350' AS DateTime), N'I6GKCI')
INSERT [dbo].[Address] ([AddressID], [AddressLine1], [AddressLine2], [AttentionTo], [City], [State], [Zip], [County], [StandardizedAddressID], [StandardizedAddressLine1], [StandardizedAddressLine2], [StandardizedCity], [StandardizedState], [StandardizedZip], [StandardizedCounty], [IsStandardized], [IsAccepted], [CreatedDate], [CreatedBy], [ModifiedDate], [ModifiedBy]) VALUES (25, N'445 Green Fabien St.', N'13 Nobel Road', N'M7Z0RA6PZ7ZF2I918MOAOPOH6WKOMLA5UYTPB239RG', N'Colorado', N'AR', N'49353-4077', N'Dorset', 14, N'355 West Hague Boulevard', N'73 Clarendon Road', N'Washington', N'OK', N'78023-8819', N'Orkney', 1, 0, CAST(N'2021-08-02T07:48:18.680' AS DateTime), N'5UQ9PJ', CAST(N'2021-08-31T21:32:59.370' AS DateTime), N'Q1YIG2')
INSERT [dbo].[Address] ([AddressID], [AddressLine1], [AddressLine2], [AttentionTo], [City], [State], [Zip], [County], [StandardizedAddressID], [StandardizedAddressLine1], [StandardizedAddressLine2], [StandardizedCity], [StandardizedState], [StandardizedZip], [StandardizedCounty], [IsStandardized], [IsAccepted], [CreatedDate], [CreatedBy], [ModifiedDate], [ModifiedBy]) VALUES (26, N'471 Oak Blvd.', N'872 First Road', N'4EKPMWGOUFJWWJHUUQH2DWUL4PJQ5IFJ8CJ3M7XR6WFPA1W6T89J9D08JYKXD', N'Jackson', N'MO', N'18086-5650', N'Clwyd', 15, N'333 White Cowley Drive', N'13 Green Cowley Parkway', N'Jersey', N'MD', N'47277-9298', N'Renfrewshire', 1, 0, CAST(N'2020-05-12T15:24:12.070' AS DateTime), N'Z57ZFX', CAST(N'2021-02-28T14:25:03.110' AS DateTime), N'X1KG4E')
INSERT [dbo].[Address] ([AddressID], [AddressLine1], [AddressLine2], [AttentionTo], [City], [State], [Zip], [County], [StandardizedAddressID], [StandardizedAddressLine1], [StandardizedAddressLine2], [StandardizedCity], [StandardizedState], [StandardizedZip], [StandardizedCounty], [IsStandardized], [IsAccepted], [CreatedDate], [CreatedBy], [ModifiedDate], [ModifiedBy]) VALUES (27, N'68 Clarendon Street', N'377 First St.', N'IB00OK0E7MSPVHG5B3SDWX9W9VBB', N'Santa Ana', N'DE', N'31723-1320', N'Suffolk', 16, N'406 Rocky Old Avenue', N'51 First Boulevard', N'Garland', N'NE', N'24045-0637', N'Perthshire', 1, 0, CAST(N'2020-01-17T13:43:38.370' AS DateTime), N'3GLYE9', CAST(N'2020-07-17T08:56:22.320' AS DateTime), N'AKU4T1')
INSERT [dbo].[Address] ([AddressID], [AddressLine1], [AddressLine2], [AttentionTo], [City], [State], [Zip], [County], [StandardizedAddressID], [StandardizedAddressLine1], [StandardizedAddressLine2], [StandardizedCity], [StandardizedState], [StandardizedZip], [StandardizedCounty], [IsStandardized], [IsAccepted], [CreatedDate], [CreatedBy], [ModifiedDate], [ModifiedBy]) VALUES (28, N'100 White Nobel Blvd.', N'731 West Old Avenue', N'NN0EHE4OACC5E0MQJHJRDNH40TK14QT8OVKZSBE2CG0QG', N'Colorado', N'WI', N'22724-3102', N'Roxburghshire', 17, N'499 First Drive', N'73 Rocky Fabien St.', N'Omaha', N'VA', N'86979-9588', N'Orkney', 1, 1, CAST(N'2021-03-05T07:46:46.700' AS DateTime), N'721VYX', CAST(N'2020-11-09T01:09:41.240' AS DateTime), N'35KOBL')
INSERT [dbo].[Address] ([AddressID], [AddressLine1], [AddressLine2], [AttentionTo], [City], [State], [Zip], [County], [StandardizedAddressID], [StandardizedAddressLine1], [StandardizedAddressLine2], [StandardizedCity], [StandardizedState], [StandardizedZip], [StandardizedCounty], [IsStandardized], [IsAccepted], [CreatedDate], [CreatedBy], [ModifiedDate], [ModifiedBy]) VALUES (29, N'58 East Clarendon Blvd.', N'45 New Drive', N'HWN5PDSK6Z5VEOT2KJI3GJFNX82GEXNQOTBOEY0FF4OLTWXQ8AVG7DQYG07HBC59CF7LD5NMJ3NBUUT1', N'Fresno', N'CA', N'83382-4382', N'Nottinghamshire', 18, N'56 Green Milton Drive', N'16 Second Avenue', NULL, N'MI', N'41858-1322', N'Inverness-shire', 1, 1, CAST(N'2021-10-30T04:41:32.010' AS DateTime), N'XF3QT3', CAST(N'2020-04-23T09:28:07.110' AS DateTime), NULL)
INSERT [dbo].[Address] ([AddressID], [AddressLine1], [AddressLine2], [AttentionTo], [City], [State], [Zip], [County], [StandardizedAddressID], [StandardizedAddressLine1], [StandardizedAddressLine2], [StandardizedCity], [StandardizedState], [StandardizedZip], [StandardizedCounty], [IsStandardized], [IsAccepted], [CreatedDate], [CreatedBy], [ModifiedDate], [ModifiedBy]) VALUES (30, N'137 West Green Clarendon Freeway', N'423 First Parkway', N'B7316JB2D7EQJ43ZF9EPCD3N9X4PE3M665Z4275WWIZX9WZYKCFLFCZY3GS9ELO9L7JE', N'Jackson', N'SD', N'65280-9935', N'Wigtownshire', 19, N'283 Oak Freeway', N'37 New Boulevard', N'Lincoln', N'AL', N'66628-8856', N'Cornwall', 1, 1, CAST(N'2020-03-21T12:35:03.960' AS DateTime), N'GS3XMJ', CAST(N'2020-04-30T01:07:50.780' AS DateTime), NULL)
INSERT [dbo].[Address] ([AddressID], [AddressLine1], [AddressLine2], [AttentionTo], [City], [State], [Zip], [County], [StandardizedAddressID], [StandardizedAddressLine1], [StandardizedAddressLine2], [StandardizedCity], [StandardizedState], [StandardizedZip], [StandardizedCounty], [IsStandardized], [IsAccepted], [CreatedDate], [CreatedBy], [ModifiedDate], [ModifiedBy]) VALUES (31, N'30 South White Cowley Freeway', N'98 White Hague Freeway', N'YW83ISTD6DCX551O0QU510LFWHBTQB1CLULF6HXJ5KX2FB8FNLKHP83XBT70H0NUC0CBKLHJTA0G3JZL8V64RKN', N'Montgomery', N'IL', N'55804-3330', N'Buckinghamshire', 20, N'182 Clarendon Avenue', N'41 Hague Road', N'Fremont', N'WI', N'89689-2230', N'Nairnshire', 1, 1, CAST(N'2021-01-07T04:55:15.060' AS DateTime), N'F4UZU1', CAST(N'2020-07-26T12:34:47.740' AS DateTime), NULL)
INSERT [dbo].[Address] ([AddressID], [AddressLine1], [AddressLine2], [AttentionTo], [City], [State], [Zip], [County], [StandardizedAddressID], [StandardizedAddressLine1], [StandardizedAddressLine2], [StandardizedCity], [StandardizedState], [StandardizedZip], [StandardizedCounty], [IsStandardized], [IsAccepted], [CreatedDate], [CreatedBy], [ModifiedDate], [ModifiedBy]) VALUES (32, N'25 Rocky First Street', N'39 North Green Cowley Avenue', N'QN4DAW25X3QEYXV141NE8NUSTMSMTJ2RDZKWH39W8UIZSKMAZ5ZQW843SCKN4FBE', N'Charlotte', N'MO', N'92395-7982', N'Orkney', 21, N'96 East White Second St.', N'332 Green Milton Blvd.', N'St. Paul', N'MA', N'49959-1405', N'Inverness-shire', 0, 1, CAST(N'2021-11-19T06:29:45.010' AS DateTime), N'IKUKAU', CAST(N'2020-06-01T06:16:46.170' AS DateTime), N'3ZSNME')
INSERT [dbo].[Address] ([AddressID], [AddressLine1], [AddressLine2], [AttentionTo], [City], [State], [Zip], [County], [StandardizedAddressID], [StandardizedAddressLine1], [StandardizedAddressLine2], [StandardizedCity], [StandardizedState], [StandardizedZip], [StandardizedCounty], [IsStandardized], [IsAccepted], [CreatedDate], [CreatedBy], [ModifiedDate], [ModifiedBy]) VALUES (33, N'983 Oak Boulevard', N'92 Green Old Way', N'Z1ZCYK0RR5D4VZ8ZHMOJCU4UH44JLSSI4YSJMY1KYY53RYXCBONTMUN4W5VUFH6YCUZW6PDJL3KEO13I6R7X5ZW9AOMH365HR7Q', N'Grand Rapids', N'AR', N'75196-1209', N'Banffshire', 22, N'96 Oak Freeway', N'384 South Green Clarendon Drive', N'Fort Worth', N'SC', N'79317-3693', N'Merseyside', 0, 0, CAST(N'2021-07-18T14:39:01.070' AS DateTime), N'RPDRM4', CAST(N'2020-07-11T19:14:53.440' AS DateTime), N'03DI46')
INSERT [dbo].[Address] ([AddressID], [AddressLine1], [AddressLine2], [AttentionTo], [City], [State], [Zip], [County], [StandardizedAddressID], [StandardizedAddressLine1], [StandardizedAddressLine2], [StandardizedCity], [StandardizedState], [StandardizedZip], [StandardizedCounty], [IsStandardized], [IsAccepted], [CreatedDate], [CreatedBy], [ModifiedDate], [ModifiedBy]) VALUES (34, N'847 Rocky New Drive', N'17 Green Fabien Parkway', N'Y05MA48IA9', N'Rochester', N'TN', N'28791-6958', N'Herefordshire', 23, N'373 Fabien Blvd.', N'121 South Old Street', N'Colorado', N'AL', N'62890-4198', N'Rutland', 0, 1, CAST(N'2021-05-23T01:36:38.220' AS DateTime), N'Q48LTG', CAST(N'2020-01-25T19:32:46.240' AS DateTime), N'SSRXAQ')
INSERT [dbo].[Address] ([AddressID], [AddressLine1], [AddressLine2], [AttentionTo], [City], [State], [Zip], [County], [StandardizedAddressID], [StandardizedAddressLine1], [StandardizedAddressLine2], [StandardizedCity], [StandardizedState], [StandardizedZip], [StandardizedCounty], [IsStandardized], [IsAccepted], [CreatedDate], [CreatedBy], [ModifiedDate], [ModifiedBy]) VALUES (35, N'503 Green Clarendon Blvd.', N'43 White New Avenue', N'V2CNN99TDYQLI3WFEY3NHB7K6MLM1RDZ17RFRIH7IDDX8EMJEOTK6LY', N'Tulsa', N'RI', N'26041-8136', N'Wiltshire', 24, N'463 Green Second Avenue', N'573 West Old Drive', N'Hialeah', N'ID', N'42623-7606', N'Powys', 1, 1, CAST(N'2021-03-30T04:13:49.330' AS DateTime), N'NI1SQG', CAST(N'2020-08-22T05:18:35.930' AS DateTime), N'MLGJHF')
INSERT [dbo].[Address] ([AddressID], [AddressLine1], [AddressLine2], [AttentionTo], [City], [State], [Zip], [County], [StandardizedAddressID], [StandardizedAddressLine1], [StandardizedAddressLine2], [StandardizedCity], [StandardizedState], [StandardizedZip], [StandardizedCounty], [IsStandardized], [IsAccepted], [CreatedDate], [CreatedBy], [ModifiedDate], [ModifiedBy]) VALUES (36, N'83 Rocky Second Parkway', N'326 East Oak Boulevard', N'USH1NMSMLQJACHOWHW54X9BRZ27CXTTF96KZ1FJVKRBI', N'San Antonio', N'GA', N'17294-2119', N'Somerset', 25, NULL, N'97 Second Way', N'Lubbock', N'UT', N'42648-3860', N'Cumberland', 1, 0, CAST(N'2020-07-14T15:56:42.560' AS DateTime), N'Y7W4V0', CAST(N'2020-12-04T18:03:55.290' AS DateTime), N'VDU5GO')
SET IDENTITY_INSERT [dbo].[Address] OFF
SET IDENTITY_INSERT [dbo].[CommunityPartner] ON 

INSERT [dbo].[CommunityPartner] ([CommunityPartnerID], [CommunityPartnerCode], [CommunityPartnerName], [CreatedDate], [CreatedBy], [ModifiedDate], [ModifiedBy]) VALUES (1, N'2485', N'A Safe Haven Foundation', CAST(N'2021-01-21T00:00:00.000' AS DateTime), N'ihda\gtung', NULL, NULL)
INSERT [dbo].[CommunityPartner] ([CommunityPartnerID], [CommunityPartnerCode], [CommunityPartnerName], [CreatedDate], [CreatedBy], [ModifiedDate], [ModifiedBy]) VALUES (2, N'3644', N'Brighton Park Neighborhood Council', CAST(N'2021-01-21T00:00:00.000' AS DateTime), N'ihda\gtung', NULL, NULL)
INSERT [dbo].[CommunityPartner] ([CommunityPartnerID], [CommunityPartnerCode], [CommunityPartnerName], [CreatedDate], [CreatedBy], [ModifiedDate], [ModifiedBy]) VALUES (3, N'7866', N'Center for Changing Lives', CAST(N'2021-01-21T00:00:00.000' AS DateTime), N'ihda\gtung', NULL, NULL)
INSERT [dbo].[CommunityPartner] ([CommunityPartnerID], [CommunityPartnerCode], [CommunityPartnerName], [CreatedDate], [CreatedBy], [ModifiedDate], [ModifiedBy]) VALUES (4, N'5599', N'Communities United', CAST(N'2021-01-21T00:00:00.000' AS DateTime), N'ihda\gtung', NULL, NULL)
INSERT [dbo].[CommunityPartner] ([CommunityPartnerID], [CommunityPartnerCode], [CommunityPartnerName], [CreatedDate], [CreatedBy], [ModifiedDate], [ModifiedBy]) VALUES (5, N'9996', N'Center of Concern', CAST(N'2021-01-21T00:00:00.000' AS DateTime), N'ihda\gtung', NULL, NULL)
INSERT [dbo].[CommunityPartner] ([CommunityPartnerID], [CommunityPartnerCode], [CommunityPartnerName], [CreatedDate], [CreatedBy], [ModifiedDate], [ModifiedBy]) VALUES (6, N'2485', N'A Safe Haven Foundation', CAST(N'2020-07-06T15:21:26.300' AS DateTime), N'GBZCXI
', CAST(N'2020-08-08T09:08:25.140' AS DateTime), N'1QE8OE')
INSERT [dbo].[CommunityPartner] ([CommunityPartnerID], [CommunityPartnerCode], [CommunityPartnerName], [CreatedDate], [CreatedBy], [ModifiedDate], [ModifiedBy]) VALUES (7, N'3644', N'Brighton Park Neighborhood Council', CAST(N'2020-04-25T12:27:48.030' AS DateTime), N'5CN1BA
', CAST(N'2021-06-27T21:51:06.130' AS DateTime), N'E34LPB')
INSERT [dbo].[CommunityPartner] ([CommunityPartnerID], [CommunityPartnerCode], [CommunityPartnerName], [CreatedDate], [CreatedBy], [ModifiedDate], [ModifiedBy]) VALUES (8, N'7866', N'Center for Changing Lives', CAST(N'2021-04-03T22:37:46.920' AS DateTime), N'1ZCIDE
', CAST(N'2020-01-20T11:10:07.990' AS DateTime), N'ATLK4O')
INSERT [dbo].[CommunityPartner] ([CommunityPartnerID], [CommunityPartnerCode], [CommunityPartnerName], [CreatedDate], [CreatedBy], [ModifiedDate], [ModifiedBy]) VALUES (9, N'5599', N'Communities United', CAST(N'2021-07-11T18:10:18.540' AS DateTime), N'Q5GPRN
', CAST(N'2020-05-19T09:12:43.570' AS DateTime), N'2UN0HV')
INSERT [dbo].[CommunityPartner] ([CommunityPartnerID], [CommunityPartnerCode], [CommunityPartnerName], [CreatedDate], [CreatedBy], [ModifiedDate], [ModifiedBy]) VALUES (10, N'9996', N'Center of Concern', CAST(N'2021-10-05T18:40:33.200' AS DateTime), N'ZP8ORL
', CAST(N'2021-07-26T22:44:10.360' AS DateTime), N'LFRHTA')
INSERT [dbo].[CommunityPartner] ([CommunityPartnerID], [CommunityPartnerCode], [CommunityPartnerName], [CreatedDate], [CreatedBy], [ModifiedDate], [ModifiedBy]) VALUES (11, N'2485', N'A Safe Haven Foundation', CAST(N'2020-02-07T21:51:11.350' AS DateTime), N'KYENPB
', CAST(N'2021-08-06T19:13:56.280' AS DateTime), N'8BQS8V')
INSERT [dbo].[CommunityPartner] ([CommunityPartnerID], [CommunityPartnerCode], [CommunityPartnerName], [CreatedDate], [CreatedBy], [ModifiedDate], [ModifiedBy]) VALUES (12, N'3644', N'Brighton Park Neighborhood Council', CAST(N'2020-02-13T23:40:34.220' AS DateTime), N'LW33KK
', CAST(N'2021-11-29T03:34:58.290' AS DateTime), N'TYURLR')
INSERT [dbo].[CommunityPartner] ([CommunityPartnerID], [CommunityPartnerCode], [CommunityPartnerName], [CreatedDate], [CreatedBy], [ModifiedDate], [ModifiedBy]) VALUES (13, N'7866', N'Center for Changing Lives', CAST(N'2021-05-05T14:29:00.840' AS DateTime), N'U1QX1Q
', CAST(N'2021-05-08T01:30:18.150' AS DateTime), NULL)
INSERT [dbo].[CommunityPartner] ([CommunityPartnerID], [CommunityPartnerCode], [CommunityPartnerName], [CreatedDate], [CreatedBy], [ModifiedDate], [ModifiedBy]) VALUES (14, N'5599', N'Communities United', CAST(N'2020-01-26T06:12:39.210' AS DateTime), N'6IM5VO
', CAST(N'2020-07-24T21:14:38.670' AS DateTime), N'2X6BFA')
INSERT [dbo].[CommunityPartner] ([CommunityPartnerID], [CommunityPartnerCode], [CommunityPartnerName], [CreatedDate], [CreatedBy], [ModifiedDate], [ModifiedBy]) VALUES (15, N'9996', N'Center of Concern', CAST(N'2021-12-17T04:33:07.270' AS DateTime), N'NEDKO8
', CAST(N'2021-06-08T13:35:25.730' AS DateTime), N'VR86I4')
INSERT [dbo].[CommunityPartner] ([CommunityPartnerID], [CommunityPartnerCode], [CommunityPartnerName], [CreatedDate], [CreatedBy], [ModifiedDate], [ModifiedBy]) VALUES (16, N'2485', N'A Safe Haven Foundation', CAST(N'2021-10-29T08:03:23.700' AS DateTime), N'1YUN3R
', CAST(N'2020-10-09T23:05:39.410' AS DateTime), N'ND4W1J')
INSERT [dbo].[CommunityPartner] ([CommunityPartnerID], [CommunityPartnerCode], [CommunityPartnerName], [CreatedDate], [CreatedBy], [ModifiedDate], [ModifiedBy]) VALUES (17, N'3644', N'Brighton Park Neighborhood Council', CAST(N'2020-07-09T13:35:39.280' AS DateTime), N'9CM72E
', CAST(N'2021-08-23T09:49:42.260' AS DateTime), N'IVRWS4')
INSERT [dbo].[CommunityPartner] ([CommunityPartnerID], [CommunityPartnerCode], [CommunityPartnerName], [CreatedDate], [CreatedBy], [ModifiedDate], [ModifiedBy]) VALUES (18, N'7866', N'Center for Changing Lives', CAST(N'2021-04-15T18:35:13.000' AS DateTime), N'NIRQVL
', CAST(N'2020-01-15T10:52:19.360' AS DateTime), N'WS8W4O')
INSERT [dbo].[CommunityPartner] ([CommunityPartnerID], [CommunityPartnerCode], [CommunityPartnerName], [CreatedDate], [CreatedBy], [ModifiedDate], [ModifiedBy]) VALUES (19, N'5599', N'Communities United', CAST(N'2021-07-17T07:43:05.180' AS DateTime), N'FRITN4
', CAST(N'2021-08-15T21:27:45.860' AS DateTime), N'IK5D0F')
INSERT [dbo].[CommunityPartner] ([CommunityPartnerID], [CommunityPartnerCode], [CommunityPartnerName], [CreatedDate], [CreatedBy], [ModifiedDate], [ModifiedBy]) VALUES (20, N'9996', N'Center of Concern', CAST(N'2021-09-14T21:04:07.620' AS DateTime), N'HQIVCM
', CAST(N'2020-07-03T20:04:58.640' AS DateTime), N'KIMPQM')
INSERT [dbo].[CommunityPartner] ([CommunityPartnerID], [CommunityPartnerCode], [CommunityPartnerName], [CreatedDate], [CreatedBy], [ModifiedDate], [ModifiedBy]) VALUES (21, N'2485', N'A Safe Haven Foundation', CAST(N'2020-10-28T17:29:51.080' AS DateTime), N'2V9XYL
', CAST(N'2021-04-28T12:42:35.020' AS DateTime), N'LQVK7A')
INSERT [dbo].[CommunityPartner] ([CommunityPartnerID], [CommunityPartnerCode], [CommunityPartnerName], [CreatedDate], [CreatedBy], [ModifiedDate], [ModifiedBy]) VALUES (22, N'3644', N'Brighton Park Neighborhood Council', CAST(N'2021-02-20T22:17:18.740' AS DateTime), N'6ZXS90
', CAST(N'2020-10-27T15:40:13.280' AS DateTime), N'2EFM5Q')
INSERT [dbo].[CommunityPartner] ([CommunityPartnerID], [CommunityPartnerCode], [CommunityPartnerName], [CreatedDate], [CreatedBy], [ModifiedDate], [ModifiedBy]) VALUES (23, N'7866', N'Center for Changing Lives', CAST(N'2021-06-20T07:10:21.090' AS DateTime), N'WLUTN2
', CAST(N'2021-12-12T11:56:56.200' AS DateTime), N'YZAEF9')
INSERT [dbo].[CommunityPartner] ([CommunityPartnerID], [CommunityPartnerCode], [CommunityPartnerName], [CreatedDate], [CreatedBy], [ModifiedDate], [ModifiedBy]) VALUES (24, N'5599', N'Communities United', CAST(N'2020-12-15T06:45:29.180' AS DateTime), N'6CTGN5
', CAST(N'2021-01-23T19:18:16.000' AS DateTime), N'SYI04O')
INSERT [dbo].[CommunityPartner] ([CommunityPartnerID], [CommunityPartnerCode], [CommunityPartnerName], [CreatedDate], [CreatedBy], [ModifiedDate], [ModifiedBy]) VALUES (25, N'9996', N'Center of Concern', CAST(N'2021-12-12T00:35:07.790' AS DateTime), N'M4CQRC
', CAST(N'2021-06-30T08:14:40.470' AS DateTime), N'C561H1')
INSERT [dbo].[CommunityPartner] ([CommunityPartnerID], [CommunityPartnerCode], [CommunityPartnerName], [CreatedDate], [CreatedBy], [ModifiedDate], [ModifiedBy]) VALUES (26, N'2485', N'A Safe Haven Foundation', CAST(N'2020-07-19T17:08:08.200' AS DateTime), N'MISWZH
', CAST(N'2021-01-29T16:55:09.380' AS DateTime), N'2DCWEY')
INSERT [dbo].[CommunityPartner] ([CommunityPartnerID], [CommunityPartnerCode], [CommunityPartnerName], [CreatedDate], [CreatedBy], [ModifiedDate], [ModifiedBy]) VALUES (27, N'3644', N'Brighton Park Neighborhood Council', CAST(N'2021-08-13T10:52:47.080' AS DateTime), N'SK1D3Z
', CAST(N'2020-08-06T15:28:39.460' AS DateTime), N'6QQUOE')
INSERT [dbo].[CommunityPartner] ([CommunityPartnerID], [CommunityPartnerCode], [CommunityPartnerName], [CreatedDate], [CreatedBy], [ModifiedDate], [ModifiedBy]) VALUES (28, N'7866', N'Center for Changing Lives', CAST(N'2021-02-12T20:02:15.520' AS DateTime), N'4O1OK7
', CAST(N'2021-10-17T13:58:23.550' AS DateTime), N'IBAAC1')
INSERT [dbo].[CommunityPartner] ([CommunityPartnerID], [CommunityPartnerCode], [CommunityPartnerName], [CreatedDate], [CreatedBy], [ModifiedDate], [ModifiedBy]) VALUES (29, N'5599', N'Communities United', CAST(N'2021-08-14T21:58:26.510' AS DateTime), N'JFHBF5
', CAST(N'2021-01-06T23:03:13.100' AS DateTime), N'RCJ3LM')
INSERT [dbo].[CommunityPartner] ([CommunityPartnerID], [CommunityPartnerCode], [CommunityPartnerName], [CreatedDate], [CreatedBy], [ModifiedDate], [ModifiedBy]) VALUES (30, N'9996', N'Center of Concern', CAST(N'2020-09-13T19:42:22.820' AS DateTime), N'UL2IOE
', CAST(N'2021-02-03T21:49:35.540' AS DateTime), N'98KOOO')
SET IDENTITY_INSERT [dbo].[CommunityPartner] OFF
SET IDENTITY_INSERT [dbo].[LandlordInfo] ON 

INSERT [dbo].[LandlordInfo] ([LandlordID], [FirstName], [MiddleName], [LastName], [NameSuffix], [Email], [CreatedDate], [CreatedBy], [ModifiedDate], [ModifiedBy]) VALUES (1, N'Danny', NULL, N'knezevich', NULL, N'dknezevich@Gmail.com', CAST(N'2021-01-21T00:00:00.000' AS DateTime), N'ihda\gtung', NULL, NULL)
INSERT [dbo].[LandlordInfo] ([LandlordID], [FirstName], [MiddleName], [LastName], [NameSuffix], [Email], [CreatedDate], [CreatedBy], [ModifiedDate], [ModifiedBy]) VALUES (2, N'Robert', NULL, N'Unger', NULL, N'rUnger@hotmail.com', CAST(N'2021-01-21T00:00:00.000' AS DateTime), N'ihda\gtung', NULL, NULL)
INSERT [dbo].[LandlordInfo] ([LandlordID], [FirstName], [MiddleName], [LastName], [NameSuffix], [Email], [CreatedDate], [CreatedBy], [ModifiedDate], [ModifiedBy]) VALUES (3, N'Antoinette', NULL, N'Greer', NULL, N'aGreer@yahoo.com', CAST(N'2021-01-21T00:00:00.000' AS DateTime), N'ihda\gtung', NULL, NULL)
INSERT [dbo].[LandlordInfo] ([LandlordID], [FirstName], [MiddleName], [LastName], [NameSuffix], [Email], [CreatedDate], [CreatedBy], [ModifiedDate], [ModifiedBy]) VALUES (4, N'Clifton', NULL, N'Magnolia', NULL, N'cMagnolia@comcast.com', CAST(N'2021-01-21T00:00:00.000' AS DateTime), N'ihda\gtung', NULL, NULL)
INSERT [dbo].[LandlordInfo] ([LandlordID], [FirstName], [MiddleName], [LastName], [NameSuffix], [Email], [CreatedDate], [CreatedBy], [ModifiedDate], [ModifiedBy]) VALUES (5, N'Shari', NULL, N'Butler', NULL, N'sButler@att.net', CAST(N'2021-01-21T00:00:00.000' AS DateTime), N'ihda\gtung', NULL, NULL)
INSERT [dbo].[LandlordInfo] ([LandlordID], [FirstName], [MiddleName], [LastName], [NameSuffix], [Email], [CreatedDate], [CreatedBy], [ModifiedDate], [ModifiedBy]) VALUES (6, N'Gayla', NULL, N'Johnson', NULL, N'gJohnson@Gmail.com', CAST(N'2021-01-21T00:00:00.000' AS DateTime), N'ihda\gtung', NULL, NULL)
INSERT [dbo].[LandlordInfo] ([LandlordID], [FirstName], [MiddleName], [LastName], [NameSuffix], [Email], [CreatedDate], [CreatedBy], [ModifiedDate], [ModifiedBy]) VALUES (7, N'Eteel', NULL, N'Delgado', NULL, N'eDelgado@yahoo.com', CAST(N'2021-01-21T00:00:00.000' AS DateTime), N'ihda\gtung', NULL, NULL)
INSERT [dbo].[LandlordInfo] ([LandlordID], [FirstName], [MiddleName], [LastName], [NameSuffix], [Email], [CreatedDate], [CreatedBy], [ModifiedDate], [ModifiedBy]) VALUES (8, N'Nevzeta', NULL, N'Licina', NULL, N'nLicina@hotmailcom', CAST(N'2021-01-21T00:00:00.000' AS DateTime), N'ihda\gtung', NULL, NULL)
INSERT [dbo].[LandlordInfo] ([LandlordID], [FirstName], [MiddleName], [LastName], [NameSuffix], [Email], [CreatedDate], [CreatedBy], [ModifiedDate], [ModifiedBy]) VALUES (9, N'Tyrone', NULL, N'Scott', NULL, N'tScott#yahoo.com', CAST(N'2021-01-21T00:00:00.000' AS DateTime), N'ihda\gtung', NULL, NULL)
INSERT [dbo].[LandlordInfo] ([LandlordID], [FirstName], [MiddleName], [LastName], [NameSuffix], [Email], [CreatedDate], [CreatedBy], [ModifiedDate], [ModifiedBy]) VALUES (10, N'Carlos', NULL, N'Gomez', NULL, N'cGomez@att.net', CAST(N'2021-01-21T00:00:00.000' AS DateTime), N'ihda\gtung', NULL, NULL)
INSERT [dbo].[LandlordInfo] ([LandlordID], [FirstName], [MiddleName], [LastName], [NameSuffix], [Email], [CreatedDate], [CreatedBy], [ModifiedDate], [ModifiedBy]) VALUES (11, N'Lydia', N'U.', N'Kelley', N'D.D.', N'ygnwk7@npvm.sizcuz.org', CAST(N'2020-04-30T04:36:20.500' AS DateTime), N'JNYS5X', CAST(N'2020-05-18T06:54:56.020' AS DateTime), N'41EOWT')
INSERT [dbo].[LandlordInfo] ([LandlordID], [FirstName], [MiddleName], [LastName], [NameSuffix], [Email], [CreatedDate], [CreatedBy], [ModifiedDate], [ModifiedBy]) VALUES (12, N'Julia', N'R.', N'James', N'BSc', N'jghvszn141@lqlweo.net', CAST(N'2020-04-21T04:13:50.210' AS DateTime), N'00F2ZU', CAST(N'2020-12-30T14:20:14.590' AS DateTime), N'9RWMCW')
INSERT [dbo].[LandlordInfo] ([LandlordID], [FirstName], [MiddleName], [LastName], [NameSuffix], [Email], [CreatedDate], [CreatedBy], [ModifiedDate], [ModifiedBy]) VALUES (13, N'Chester', N'X.', N'Dixon', N'', N'nrwbaz.ntuyeqd@uusm.jiprxi.com', CAST(N'2021-02-21T22:45:00.070' AS DateTime), N'JKL1W2', CAST(N'2020-05-31T21:49:20.600' AS DateTime), N'SET3OB')
INSERT [dbo].[LandlordInfo] ([LandlordID], [FirstName], [MiddleName], [LastName], [NameSuffix], [Email], [CreatedDate], [CreatedBy], [ModifiedDate], [ModifiedBy]) VALUES (14, N'Darla', N'Q.', N'Faulkner', N'III', N'vppy.zrzoqm@jtwvng.net', CAST(N'2020-11-24T18:52:43.950' AS DateTime), N'I0KJ02', CAST(N'2020-03-17T07:26:55.200' AS DateTime), N'VPRTQB')
INSERT [dbo].[LandlordInfo] ([LandlordID], [FirstName], [MiddleName], [LastName], [NameSuffix], [Email], [CreatedDate], [CreatedBy], [ModifiedDate], [ModifiedBy]) VALUES (15, N'Danny', N'V.', N'Velasquez', N'', N'vaychnk295@ieymee.net', CAST(N'2020-05-25T03:28:27.830' AS DateTime), N'L9QU74', CAST(N'2020-04-11T09:09:00.790' AS DateTime), N'7Z9N9T')
INSERT [dbo].[LandlordInfo] ([LandlordID], [FirstName], [MiddleName], [LastName], [NameSuffix], [Email], [CreatedDate], [CreatedBy], [ModifiedDate], [ModifiedBy]) VALUES (16, N'Elton', N'J.', N'Peck', N'D.D.', N'czutywv@kuoa.imgqlj.com', CAST(N'2020-05-07T09:52:47.370' AS DateTime), N'CESS0E', CAST(N'2020-01-17T12:05:28.120' AS DateTime), N'0R5XJY')
INSERT [dbo].[LandlordInfo] ([LandlordID], [FirstName], [MiddleName], [LastName], [NameSuffix], [Email], [CreatedDate], [CreatedBy], [ModifiedDate], [ModifiedBy]) VALUES (17, N'Austin', N'T.', N'Beasley', N'IV', N'sfkqxact.xyhnoo@knpnkufie.ydtrks.org', CAST(N'2020-07-26T11:18:08.790' AS DateTime), N'TS57P1', CAST(N'2020-06-09T00:30:27.690' AS DateTime), N'1UXWQ8')
INSERT [dbo].[LandlordInfo] ([LandlordID], [FirstName], [MiddleName], [LastName], [NameSuffix], [Email], [CreatedDate], [CreatedBy], [ModifiedDate], [ModifiedBy]) VALUES (18, N'Cristina', N'U.', N'Stevens', N'Ph.D.', N'leeuh@ciuyse.zamdvp.com', CAST(N'2020-02-26T09:23:34.160' AS DateTime), N'8V1YWB', CAST(N'2020-02-27T05:04:04.100' AS DateTime), N'HRHDAV')
INSERT [dbo].[LandlordInfo] ([LandlordID], [FirstName], [MiddleName], [LastName], [NameSuffix], [Email], [CreatedDate], [CreatedBy], [ModifiedDate], [ModifiedBy]) VALUES (19, N'Kendall', N'W.', N'Francis', N'MBA.', N'vkvjvg.mvchvq@rfdczju.-hrjew.net', CAST(N'2021-01-30T15:47:03.040' AS DateTime), N'ME95UC', CAST(N'2020-03-05T12:53:52.940' AS DateTime), N'BMV6HS')
INSERT [dbo].[LandlordInfo] ([LandlordID], [FirstName], [MiddleName], [LastName], [NameSuffix], [Email], [CreatedDate], [CreatedBy], [ModifiedDate], [ModifiedBy]) VALUES (20, N'Gavin', N'P.', N'Payne', N'M.Sc.', N'tpyw34@hbpwqi.net', CAST(N'2020-10-16T00:12:29.010' AS DateTime), N'RO8RQN', CAST(N'2020-06-20T19:01:50.990' AS DateTime), N'RMZ33Y')
INSERT [dbo].[LandlordInfo] ([LandlordID], [FirstName], [MiddleName], [LastName], [NameSuffix], [Email], [CreatedDate], [CreatedBy], [ModifiedDate], [ModifiedBy]) VALUES (21, N'Valerie', N'A.', N'Gaines', N'M.B.A.', N'npmipmpp5@qxgofrk.dvsnfa.net', CAST(N'2020-10-27T19:17:10.820' AS DateTime), N'6S9WN5', CAST(N'2020-03-09T20:37:56.920' AS DateTime), N'NO64CI')
INSERT [dbo].[LandlordInfo] ([LandlordID], [FirstName], [MiddleName], [LastName], [NameSuffix], [Email], [CreatedDate], [CreatedBy], [ModifiedDate], [ModifiedBy]) VALUES (22, N'Cary', N'X.', N'Boyd', N'', N'dripc33@hudwwlj.eihkrj.org', CAST(N'2020-05-06T00:47:42.290' AS DateTime), N'8EBA1Z', CAST(N'2021-01-03T06:11:14.760' AS DateTime), N'VTXZ29')
INSERT [dbo].[LandlordInfo] ([LandlordID], [FirstName], [MiddleName], [LastName], [NameSuffix], [Email], [CreatedDate], [CreatedBy], [ModifiedDate], [ModifiedBy]) VALUES (23, N'Lisa', N'R.', N'Mckenzie', N'A.B.', N'utvjkyz@gipxef.cdazwb.net', CAST(N'2020-05-09T06:31:42.070' AS DateTime), N'DPVAS8', CAST(N'2020-10-17T12:10:20.990' AS DateTime), N'7S9YY2')
INSERT [dbo].[LandlordInfo] ([LandlordID], [FirstName], [MiddleName], [LastName], [NameSuffix], [Email], [CreatedDate], [CreatedBy], [ModifiedDate], [ModifiedBy]) VALUES (24, N'Joe', N'J.', N'Sims', N'J.D.', N'mhvfqf.nppr@vxarxdj.kdfmgy.org', CAST(N'2020-05-27T06:40:47.050' AS DateTime), N'ZJM62W', CAST(N'2020-06-12T04:22:45.100' AS DateTime), N'49Q16E')
INSERT [dbo].[LandlordInfo] ([LandlordID], [FirstName], [MiddleName], [LastName], [NameSuffix], [Email], [CreatedDate], [CreatedBy], [ModifiedDate], [ModifiedBy]) VALUES (25, N'Vicki', N'T.', N'Stevenson', N'III', N'xsna3@hghago.com', CAST(N'2020-03-26T20:03:35.910' AS DateTime), N'4XFYE3', CAST(N'2020-09-15T10:24:38.830' AS DateTime), N'8XSN9R')
INSERT [dbo].[LandlordInfo] ([LandlordID], [FirstName], [MiddleName], [LastName], [NameSuffix], [Email], [CreatedDate], [CreatedBy], [ModifiedDate], [ModifiedBy]) VALUES (26, N'Eric', N'E.', N'Hines', N'jr.', N'ujdyeetb.rzdya@swdaxc.com', CAST(N'2021-02-12T08:39:27.230' AS DateTime), N'2R295B', CAST(N'2020-03-18T19:03:07.460' AS DateTime), N'3A8YDG')
INSERT [dbo].[LandlordInfo] ([LandlordID], [FirstName], [MiddleName], [LastName], [NameSuffix], [Email], [CreatedDate], [CreatedBy], [ModifiedDate], [ModifiedBy]) VALUES (27, N'Elias', N'B.', N'Mueller', N'', N'cpvando.npewsotz@sqkjgq.com', CAST(N'2020-03-05T22:46:15.220' AS DateTime), N'0XUSD3', CAST(N'2021-03-05T01:56:14.610' AS DateTime), N'TY6FJC')
INSERT [dbo].[LandlordInfo] ([LandlordID], [FirstName], [MiddleName], [LastName], [NameSuffix], [Email], [CreatedDate], [CreatedBy], [ModifiedDate], [ModifiedBy]) VALUES (28, N'Sophia', N'Z.', N'Lloyd', N'III', N'sjbwfp.pxairchtlk@zikc.hutren.com', CAST(N'2021-03-03T06:25:34.530' AS DateTime), N'YCGXFH', CAST(N'2020-04-02T13:27:33.220' AS DateTime), N'UP55W4')
INSERT [dbo].[LandlordInfo] ([LandlordID], [FirstName], [MiddleName], [LastName], [NameSuffix], [Email], [CreatedDate], [CreatedBy], [ModifiedDate], [ModifiedBy]) VALUES (29, N'Allison', N'I.', N'Cantrell', N'', N'oviiqkph.wygd@rywdmo.com', CAST(N'2020-01-12T19:25:33.330' AS DateTime), N'8MQK9N', CAST(N'2020-02-05T04:07:41.260' AS DateTime), N'FF363J')
INSERT [dbo].[LandlordInfo] ([LandlordID], [FirstName], [MiddleName], [LastName], [NameSuffix], [Email], [CreatedDate], [CreatedBy], [ModifiedDate], [ModifiedBy]) VALUES (30, N'Michele', N'J.', N'Ritter', N'BSc', N'yoxu.jjqedgzk@xoiind.org', CAST(N'2020-08-15T14:07:22.010' AS DateTime), N'GVCNV9', CAST(N'2020-05-07T02:09:50.120' AS DateTime), N'V4CTIW')
INSERT [dbo].[LandlordInfo] ([LandlordID], [FirstName], [MiddleName], [LastName], [NameSuffix], [Email], [CreatedDate], [CreatedBy], [ModifiedDate], [ModifiedBy]) VALUES (31, N'Betsy', N'T.', N'Rojas', N'MBA.', N'fkagrfrz30@lfpmhb.org', CAST(N'2021-02-10T04:54:32.820' AS DateTime), N'XS1NWA', CAST(N'2020-03-23T21:49:57.920' AS DateTime), N'H10KM7')
INSERT [dbo].[LandlordInfo] ([LandlordID], [FirstName], [MiddleName], [LastName], [NameSuffix], [Email], [CreatedDate], [CreatedBy], [ModifiedDate], [ModifiedBy]) VALUES (32, N'Joey', N'D.', N'Mccoy', N'MBA.', N'jgdwgyf85@jibrjm.org', CAST(N'2020-04-15T05:56:16.680' AS DateTime), N'LSDPSN', CAST(N'2020-11-13T00:01:22.180' AS DateTime), N'BJMN1P')
INSERT [dbo].[LandlordInfo] ([LandlordID], [FirstName], [MiddleName], [LastName], [NameSuffix], [Email], [CreatedDate], [CreatedBy], [ModifiedDate], [ModifiedBy]) VALUES (33, N'Mike', N'W.', N'Preston', N'', N'qbtn170@cv-tcv.net', CAST(N'2020-06-06T07:21:17.940' AS DateTime), N'KY0YLW', NULL, N'8NIDMA')
INSERT [dbo].[LandlordInfo] ([LandlordID], [FirstName], [MiddleName], [LastName], [NameSuffix], [Email], [CreatedDate], [CreatedBy], [ModifiedDate], [ModifiedBy]) VALUES (34, N'Tracey', N'P.', N'May', N'Ph.D.', N'tjwoo.cwmvypxnt@jevcilz.qtipzw.com', CAST(N'2020-10-20T12:14:21.900' AS DateTime), N'5COWNA', CAST(N'2020-10-29T05:04:04.340' AS DateTime), N'V5R9WT')
INSERT [dbo].[LandlordInfo] ([LandlordID], [FirstName], [MiddleName], [LastName], [NameSuffix], [Email], [CreatedDate], [CreatedBy], [ModifiedDate], [ModifiedBy]) VALUES (35, N'Angelina', N'N.', N'Gomez', N'IV', N'jmtme.aggf@fignsl.net', CAST(N'2020-07-20T17:38:52.200' AS DateTime), N'2I5HT3', CAST(N'2020-06-08T09:34:56.130' AS DateTime), N'UUL1GF')
SET IDENTITY_INSERT [dbo].[LandlordInfo] OFF
SET IDENTITY_INSERT [dbo].[TenantInfo] ON 

INSERT [dbo].[TenantInfo] ([TenantID], [FirstName], [MiddleName], [LastName], [NameSuffix], [Email], [CreatedDate], [CreatedBy], [ModifiedDate], [ModifiedBy]) VALUES (1, N'Minnie', N'M', N'Adams', NULL, N'Danknezevich@gmail.com', CAST(N'2021-01-21T00:00:00.000' AS DateTime), N'ihda\gtung', NULL, NULL)
INSERT [dbo].[TenantInfo] ([TenantID], [FirstName], [MiddleName], [LastName], [NameSuffix], [Email], [CreatedDate], [CreatedBy], [ModifiedDate], [ModifiedBy]) VALUES (2, N'Nicholas', N'R', N'Huizenga', NULL, N'info@grid7properties.com', CAST(N'2021-01-21T00:00:00.000' AS DateTime), N'ihda\gtung', NULL, NULL)
INSERT [dbo].[TenantInfo] ([TenantID], [FirstName], [MiddleName], [LastName], [NameSuffix], [Email], [CreatedDate], [CreatedBy], [ModifiedDate], [ModifiedBy]) VALUES (3, N'Rashain', N'', N'Mitchell', NULL, N'antoinettetidwell@aol.com', CAST(N'2021-01-21T00:00:00.000' AS DateTime), N'ihda\gtung', NULL, NULL)
INSERT [dbo].[TenantInfo] ([TenantID], [FirstName], [MiddleName], [LastName], [NameSuffix], [Email], [CreatedDate], [CreatedBy], [ModifiedDate], [ModifiedBy]) VALUES (4, N'Breniqua', N'', N'Gee', NULL, N'jfoster@how-inc.org', CAST(N'2021-01-21T00:00:00.000' AS DateTime), N'ihda\gtung', NULL, NULL)
INSERT [dbo].[TenantInfo] ([TenantID], [FirstName], [MiddleName], [LastName], [NameSuffix], [Email], [CreatedDate], [CreatedBy], [ModifiedDate], [ModifiedBy]) VALUES (5, N'Vinita', N'V', N'McQueen', NULL, N'heknowyou2@gmail.com', CAST(N'2021-01-21T00:00:00.000' AS DateTime), N'ihda\gtung', NULL, NULL)
INSERT [dbo].[TenantInfo] ([TenantID], [FirstName], [MiddleName], [LastName], [NameSuffix], [Email], [CreatedDate], [CreatedBy], [ModifiedDate], [ModifiedBy]) VALUES (6, N'Ronron', N'', N'Eugenio', NULL, N'jpolizzi@rmk.com', CAST(N'2021-01-21T00:00:00.000' AS DateTime), N'ihda\gtung', NULL, NULL)
INSERT [dbo].[TenantInfo] ([TenantID], [FirstName], [MiddleName], [LastName], [NameSuffix], [Email], [CreatedDate], [CreatedBy], [ModifiedDate], [ModifiedBy]) VALUES (7, N'Falon', N'N', N'Brownlee', NULL, N'ccdcadminasst@leasing-mgmt.com', CAST(N'2021-01-21T00:00:00.000' AS DateTime), N'ihda\gtung', NULL, NULL)
INSERT [dbo].[TenantInfo] ([TenantID], [FirstName], [MiddleName], [LastName], [NameSuffix], [Email], [CreatedDate], [CreatedBy], [ModifiedDate], [ModifiedBy]) VALUES (8, N'Gregory', N'', N'Butler', NULL, N'slbutler1@hotmail.com', CAST(N'2021-01-21T00:00:00.000' AS DateTime), N'ihda\gtung', NULL, NULL)
INSERT [dbo].[TenantInfo] ([TenantID], [FirstName], [MiddleName], [LastName], [NameSuffix], [Email], [CreatedDate], [CreatedBy], [ModifiedDate], [ModifiedBy]) VALUES (9, N'Tamara', N'', N'Brown', NULL, N'SSproperttyMGMT@yahoo.com', CAST(N'2021-01-21T00:00:00.000' AS DateTime), N'ihda\gtung', NULL, NULL)
INSERT [dbo].[TenantInfo] ([TenantID], [FirstName], [MiddleName], [LastName], [NameSuffix], [Email], [CreatedDate], [CreatedBy], [ModifiedDate], [ModifiedBy]) VALUES (10, N'Michelle', N'A', N'Shapiro', NULL, N'stacysmith@sregtm.com', CAST(N'2021-01-21T00:00:00.000' AS DateTime), N'ihda\gtung', NULL, NULL)
INSERT [dbo].[TenantInfo] ([TenantID], [FirstName], [MiddleName], [LastName], [NameSuffix], [Email], [CreatedDate], [CreatedBy], [ModifiedDate], [ModifiedBy]) VALUES (11, N'Jeanine', N'S.', N'Alexander', N'D.Phil.', N'wurne.dmuknhaiqc@xliucmcuk.oromnx.org', CAST(N'2020-05-26T14:31:34.110' AS DateTime), N'G63FWJ2E88YVCF', CAST(N'2020-06-28T08:18:32.940' AS DateTime), N'1KIBNF')
INSERT [dbo].[TenantInfo] ([TenantID], [FirstName], [MiddleName], [LastName], [NameSuffix], [Email], [CreatedDate], [CreatedBy], [ModifiedDate], [ModifiedBy]) VALUES (12, N'Lester', N'V.', N'Smith', N'B.A.', N'ensvy9@ysyaz.ofo-oa.org', CAST(N'2020-05-07T10:36:07.460' AS DateTime), N'GCHW6XNH9RT1YYB7DJ80T', CAST(N'2021-07-09T19:59:25.560' AS DateTime), N'NYPJ9D')
INSERT [dbo].[TenantInfo] ([TenantID], [FirstName], [MiddleName], [LastName], [NameSuffix], [Email], [CreatedDate], [CreatedBy], [ModifiedDate], [ModifiedBy]) VALUES (13, N'Claire', N'R.', N'Wu', N'B.S.', N'ruxc.tdewyykbny@eiwskpsuy.icdclw.org', CAST(N'2020-12-15T23:57:42.070' AS DateTime), N'IN8E3KKPZS4Z6WF7ZSTPTN3I4FW1KB3FRCTUNSU2WKR0X', CAST(N'2021-10-02T12:30:03.150' AS DateTime), N'TALJOF')
INSERT [dbo].[TenantInfo] ([TenantID], [FirstName], [MiddleName], [LastName], [NameSuffix], [Email], [CreatedDate], [CreatedBy], [ModifiedDate], [ModifiedBy]) VALUES (14, N'Shannon', N'B.', N'Robinson', N'A.B.', N'lkdhzuob357@lwtzzj.org', CAST(N'2021-10-04T10:45:41.870' AS DateTime), N'', CAST(N'2020-08-12T01:48:06.900' AS DateTime), N'Z6G1J9')
INSERT [dbo].[TenantInfo] ([TenantID], [FirstName], [MiddleName], [LastName], [NameSuffix], [Email], [CreatedDate], [CreatedBy], [ModifiedDate], [ModifiedBy]) VALUES (15, N'Valerie', N'A.', N'Fox', N'Ph.D.', N'acmuasu8@vzwibd.mqkkos.com', CAST(N'2021-12-11T14:20:05.000' AS DateTime), N'FR6KF63AVJ', CAST(N'2021-10-01T18:23:42.150' AS DateTime), N'K2Q6LX')
INSERT [dbo].[TenantInfo] ([TenantID], [FirstName], [MiddleName], [LastName], [NameSuffix], [Email], [CreatedDate], [CreatedBy], [ModifiedDate], [ModifiedBy]) VALUES (16, N'Ty', N'H.', N'Carson', N'B.S.', N'hsxft025@ihpvpj.xl-kxv.org', CAST(N'2020-01-25T01:06:09.990' AS DateTime), N'ANOJ4NOO7T2L', CAST(N'2021-07-23T22:28:54.920' AS DateTime), N'GGVSSY')
INSERT [dbo].[TenantInfo] ([TenantID], [FirstName], [MiddleName], [LastName], [NameSuffix], [Email], [CreatedDate], [CreatedBy], [ModifiedDate], [ModifiedBy]) VALUES (17, N'Roy', N'F.', N'Contreras', N'M.D.', N'tqqx0@qrojux.com', CAST(N'2020-03-08T16:22:38.440' AS DateTime), N'6XQS9V2L4NH9ERN9N2YAWH6', CAST(N'2021-12-22T20:17:02.510' AS DateTime), N'SMHOTB')
INSERT [dbo].[TenantInfo] ([TenantID], [FirstName], [MiddleName], [LastName], [NameSuffix], [Email], [CreatedDate], [CreatedBy], [ModifiedDate], [ModifiedBy]) VALUES (18, N'Ashley', N'V.', N'Franco', N'jr.', N'bqaf8@nfghzk.hglopz.net', CAST(N'2021-02-26T00:30:23.640' AS DateTime), N'DF4B8RYC6NDIFB0ZH55079QW0FKR4AN', CAST(N'2021-02-28T11:31:40.950' AS DateTime), N'ETVLDC')
INSERT [dbo].[TenantInfo] ([TenantID], [FirstName], [MiddleName], [LastName], [NameSuffix], [Email], [CreatedDate], [CreatedBy], [ModifiedDate], [ModifiedBy]) VALUES (19, N'Forrest', N'Q.', N'Pennington', N'', N'tueyutc.pwfbprbv@cvflqg.net', CAST(N'2020-07-18T08:14:06.130' AS DateTime), N'QCFURQCDO53RD5T', CAST(N'2021-01-14T23:16:05.590' AS DateTime), N'E1945K')
INSERT [dbo].[TenantInfo] ([TenantID], [FirstName], [MiddleName], [LastName], [NameSuffix], [Email], [CreatedDate], [CreatedBy], [ModifiedDate], [ModifiedBy]) VALUES (20, N'Ron', N'P.', N'Dennis', N'J.D.', N'okbecssl83@qxrcer.net', CAST(N'2021-09-20T05:23:52.290' AS DateTime), N'1ZTQC664O7BT777VZOR2W68QTSB26ZJUL', CAST(N'2021-03-12T14:26:10.740' AS DateTime), N'WZCNGR')
INSERT [dbo].[TenantInfo] ([TenantID], [FirstName], [MiddleName], [LastName], [NameSuffix], [Email], [CreatedDate], [CreatedBy], [ModifiedDate], [ModifiedBy]) VALUES (21, N'Gerard', N'M.', N'Conley', N'B.A.', N'ltxoum.nqxroehk@ickqyh.com', CAST(N'2021-01-06T19:20:22.820' AS DateTime), N'P5HWCK5A5KFJ5GX7ROEQGVR3XKU4YONG70I2E3C6', CAST(N'2021-12-18T10:22:38.550' AS DateTime), N'UQRWH6')
INSERT [dbo].[TenantInfo] ([TenantID], [FirstName], [MiddleName], [LastName], [NameSuffix], [Email], [CreatedDate], [CreatedBy], [ModifiedDate], [ModifiedBy]) VALUES (22, N'Lamont', N'J.', N'Gomez', N'', N'fjunc99@nyfyywgm.wlpgjs.org', CAST(N'2020-05-18T21:37:13.400' AS DateTime), N'L0NA', CAST(N'2021-07-02T17:51:16.380' AS DateTime), N'JZDPY9')
INSERT [dbo].[TenantInfo] ([TenantID], [FirstName], [MiddleName], [LastName], [NameSuffix], [Email], [CreatedDate], [CreatedBy], [ModifiedDate], [ModifiedBy]) VALUES (23, N'Gilberto', N'X.', N'Wise', N'IV', N'duupbc505@odzcfn.org', CAST(N'2020-05-21T19:02:47.340' AS DateTime), N'MV4Y8VFVQUEEYSP1CGWZC5YUTNC8TVU3SOXZZ', CAST(N'2021-02-19T11:19:53.710' AS DateTime), N'9UL8L0')
INSERT [dbo].[TenantInfo] ([TenantID], [FirstName], [MiddleName], [LastName], [NameSuffix], [Email], [CreatedDate], [CreatedBy], [ModifiedDate], [ModifiedBy]) VALUES (24, N'Lara', N'I.', N'Barr', N'BA', N'musvhvs.djwsvfn@wytjvs.net', CAST(N'2021-08-20T08:13:10.350' AS DateTime), N'', CAST(N'2021-09-18T21:57:51.030' AS DateTime), N'FLNMD5')
INSERT [dbo].[TenantInfo] ([TenantID], [FirstName], [MiddleName], [LastName], [NameSuffix], [Email], [CreatedDate], [CreatedBy], [ModifiedDate], [ModifiedBy]) VALUES (25, N'Roberta', N'D.', N'Jarvis', N'D.Phil.', N'hhpd136@ssgoka.net', CAST(N'2021-06-22T16:07:38.600' AS DateTime), N'S0C9OO04JGV8JRBXGXA5KI71VZB', CAST(N'2020-04-10T15:08:29.630' AS DateTime), N'M40DKW')
INSERT [dbo].[TenantInfo] ([TenantID], [FirstName], [MiddleName], [LastName], [NameSuffix], [Email], [CreatedDate], [CreatedBy], [ModifiedDate], [ModifiedBy]) VALUES (26, N'Shirley', N'Q.', N'Hampton', N'jr.', N'vqtzllur19@lnkci-.org', CAST(N'2021-11-23T18:31:12.270' AS DateTime), N'AUQ1D03Y0WA5TISRYNAB', CAST(N'2020-05-24T13:43:56.210' AS DateTime), N'34PV5V')
INSERT [dbo].[TenantInfo] ([TenantID], [FirstName], [MiddleName], [LastName], [NameSuffix], [Email], [CreatedDate], [CreatedBy], [ModifiedDate], [ModifiedBy]) VALUES (27, N'Randal', N'K.', N'Baldwin', N'J.D.', N'jeflz.jiiynx@hesjoz.nabqgs.org', CAST(N'2020-02-01T15:00:54.150' AS DateTime), N'RG2PUV9TAEODEUOPUUJODWKM4C', CAST(N'2021-10-07T08:23:48.710' AS DateTime), N'2WF7AW')
INSERT [dbo].[TenantInfo] ([TenantID], [FirstName], [MiddleName], [LastName], [NameSuffix], [Email], [CreatedDate], [CreatedBy], [ModifiedDate], [ModifiedBy]) VALUES (28, N'Alisha', N'T.', N'Hanson', N'', N'swaehpu00@uzldf-.org', CAST(N'2021-06-18T06:50:00.540' AS DateTime), N'QF37PZ3JDOCI4T5PHLSEO314SQM4UWFKITJD76YDBBB1HBE', CAST(N'2021-12-10T11:36:35.660' AS DateTime), N'5RFVQA')
INSERT [dbo].[TenantInfo] ([TenantID], [FirstName], [MiddleName], [LastName], [NameSuffix], [Email], [CreatedDate], [CreatedBy], [ModifiedDate], [ModifiedBy]) VALUES (29, N'Max', N'A.', N'Marquez', N'B.S.', N'rqpr1@mwgbqcmt.xmcehl.org', CAST(N'2020-12-06T22:45:00.890' AS DateTime), N'8720BX', CAST(N'2021-01-15T11:17:47.700' AS DateTime), N'439319')
INSERT [dbo].[TenantInfo] ([TenantID], [FirstName], [MiddleName], [LastName], [NameSuffix], [Email], [CreatedDate], [CreatedBy], [ModifiedDate], [ModifiedBy]) VALUES (30, N'Guy', N'G.', N'Fritz', N'BSc', N'tbqm9@flmwzqreo.oadxzk.com', CAST(N'2021-01-10T05:41:53.880' AS DateTime), N'MEYEYDZPH9R0B9RHBNE2CS0MGCRWMT', CAST(N'2020-07-29T13:21:26.570' AS DateTime), N'UDBEDL')
INSERT [dbo].[TenantInfo] ([TenantID], [FirstName], [MiddleName], [LastName], [NameSuffix], [Email], [CreatedDate], [CreatedBy], [ModifiedDate], [ModifiedBy]) VALUES (31, N'Rolando', N'S.', N'Patrick', N'D.Phil.', N'qvlidnqw8@htpwbgbyw.atfotp.org', CAST(N'2020-02-02T05:38:13.840' AS DateTime), N'8KFWZ8RZ0BMTSQB3LGQRDXU1UECYMM', CAST(N'2020-08-14T05:25:15.020' AS DateTime), N'PVCF47')
INSERT [dbo].[TenantInfo] ([TenantID], [FirstName], [MiddleName], [LastName], [NameSuffix], [Email], [CreatedDate], [CreatedBy], [ModifiedDate], [ModifiedBy]) VALUES (32, N'Adrienne', N'X.', N'Yoder', N'', N'brqil.hyfc@iccggn.org', CAST(N'2021-05-18T04:32:17.650' AS DateTime), N'2OUIFWDS8JNERQY7W595FW11BPD1LWTCD8J5X7V68NH8PI', CAST(N'2020-05-11T09:08:10.020' AS DateTime), N'P8F399')
INSERT [dbo].[TenantInfo] ([TenantID], [FirstName], [MiddleName], [LastName], [NameSuffix], [Email], [CreatedDate], [CreatedBy], [ModifiedDate], [ModifiedBy]) VALUES (33, N'Lee', N'L.', N'Pineda', N'', N'ehdt59@gybttl.net', CAST(N'2020-12-16T19:56:29.460' AS DateTime), N'BV6GSDGN6MT7QJB7CPB0I6T9OA2XSETBTM26EF1ZXLDJ4', CAST(N'2021-08-20T13:52:37.490' AS DateTime), N'DLIUL5')
INSERT [dbo].[TenantInfo] ([TenantID], [FirstName], [MiddleName], [LastName], [NameSuffix], [Email], [CreatedDate], [CreatedBy], [ModifiedDate], [ModifiedBy]) VALUES (34, N'Jami', N'S.', N'Browning', N'jr.', N'ayuhvvi.qchmbc@jmobeh.com', CAST(N'2020-04-04T03:10:40.050' AS DateTime), N'5NWG5IEHL42WRHBJVRSID4G4SWOC3WTA5O5F0B9AWB0Y4INJNE', CAST(N'2021-08-27T04:15:26.660' AS DateTime), N'0GS4LX')
INSERT [dbo].[TenantInfo] ([TenantID], [FirstName], [MiddleName], [LastName], [NameSuffix], [Email], [CreatedDate], [CreatedBy], [ModifiedDate], [ModifiedBy]) VALUES (35, N'Roderick', N'F.', N'Noble', N'', N'jvpwpjri.cdwlikv@upjfwi.net', CAST(N'2020-05-07T22:07:00.010' AS DateTime), N'LQMM06RN8U2EOA', CAST(N'2020-09-28T00:14:12.730' AS DateTime), N'I3SWBG')
SET IDENTITY_INSERT [dbo].[TenantInfo] OFF
SET IDENTITY_INSERT [dbo].[LandlordApp] ON 

INSERT [dbo].[LandlordApp] ([LandlordAppID], [LandlordID], [TenantID], [AddressID], [CommunityPartnerID], [TransactionStatus], [MonthlyRentAmount], [Aid2020Received], [May2020PastDue], [Jun2020PastDue], [Jul2020PastDue], [Aug2020PastDue], [Sep2020PastDue], [Oct2020PastDue], [Nov2020PastDue], [Dec2020PastDue], [Jan2021PastDue], [Feb2021PastDue], [Mar2021PastDue], [Apr2021PastDue], [TotalMonthsPastDue], [TotalRentPastDue], [May2021Due], [June2021Due], [Jul2021Due], [TotalRentDue], [TotalRPPGrant], [LanguagePreference], [CreatedDate], [CreatedBy], [ModifiedDate], [ModifiedBy], [LeaseType], [MoveInDate]) VALUES (2, 26, 26, 27, 25, 0, CAST(265.41 AS Decimal(5, 2)), N'44955', CAST(310.26 AS Decimal(5, 2)), CAST(832.68 AS Decimal(5, 2)), CAST(355.11 AS Decimal(5, 2)), CAST(877.53 AS Decimal(5, 2)), CAST(399.96 AS Decimal(5, 2)), CAST(922.39 AS Decimal(5, 2)), CAST(444.81 AS Decimal(5, 2)), CAST(967.24 AS Decimal(5, 2)), CAST(489.66 AS Decimal(5, 2)), CAST(12.09 AS Decimal(5, 2)), CAST(534.51 AS Decimal(5, 2)), CAST(370.89 AS Decimal(5, 2)), -1244182661, CAST(10179.30 AS Decimal(7, 2)), CAST(624.21 AS Decimal(5, 2)), CAST(146.64 AS Decimal(5, 2)), CAST(669.06 AS Decimal(5, 2)), CAST(19149.42 AS Decimal(7, 2)), CAST(71391.95 AS Decimal(7, 2)), N'DG8L06XK29OEHQAOVTDEOIKYH3REEVRAZUN0TI', CAST(N'2021-07-07T21:39:14.840' AS DateTime), N'YVNHR2', CAST(N'2021-08-09T15:26:13.670' AS DateTime), N'J93EIY','Written Lease (year-to-year)','5/20/2021')
INSERT [dbo].[LandlordApp] ([LandlordAppID], [LandlordID], [TenantID], [AddressID], [CommunityPartnerID], [TransactionStatus], [MonthlyRentAmount], [Aid2020Received], [May2020PastDue], [Jun2020PastDue], [Jul2020PastDue], [Aug2020PastDue], [Sep2020PastDue], [Oct2020PastDue], [Nov2020PastDue], [Dec2020PastDue], [Jan2021PastDue], [Feb2021PastDue], [Mar2021PastDue], [Apr2021PastDue], [TotalMonthsPastDue], [TotalRentPastDue], [May2021Due], [June2021Due], [Jul2021Due], [TotalRentDue], [TotalRPPGrant], [LanguagePreference], [CreatedDate], [CreatedBy], [ModifiedDate], [ModifiedBy], [LeaseType], [MoveInDate]) VALUES (3, 29, 29, 30, 17, 0, CAST(205.74 AS Decimal(5, 2)), N'90650', CAST(792.58 AS Decimal(5, 2)), CAST(86.00 AS Decimal(5, 2)), CAST(379.42 AS Decimal(5, 2)), CAST(672.84 AS Decimal(5, 2)), CAST(966.25 AS Decimal(5, 2)), CAST(259.67 AS Decimal(5, 2)), CAST(553.09 AS Decimal(5, 2)), CAST(846.51 AS Decimal(5, 2)), CAST(139.93 AS Decimal(5, 2)), CAST(433.35 AS Decimal(5, 2)), CAST(726.77 AS Decimal(5, 2)), CAST(128.04 AS Decimal(5, 2)), 1237377943, CAST(60702.65 AS Decimal(7, 2)), CAST(900.44 AS Decimal(5, 2)), CAST(193.86 AS Decimal(5, 2)), CAST(487.28 AS Decimal(5, 2)), CAST(78070.10 AS Decimal(7, 2)), CAST(7411.96 AS Decimal(7, 2)), N'PXRZE8YYRCDGW0GKUW93X', CAST(N'2021-04-27T11:57:51.010' AS DateTime), N'TSQ8SI', CAST(N'2020-06-29T21:21:09.100' AS DateTime), N'2J7S5K','Written Lease (year-to-year)','5/20/2021')
INSERT [dbo].[LandlordApp] ([LandlordAppID], [LandlordID], [TenantID], [AddressID], [CommunityPartnerID], [TransactionStatus], [MonthlyRentAmount], [Aid2020Received], [May2020PastDue], [Jun2020PastDue], [Jul2020PastDue], [Aug2020PastDue], [Sep2020PastDue], [Oct2020PastDue], [Nov2020PastDue], [Dec2020PastDue], [Jan2021PastDue], [Feb2021PastDue], [Mar2021PastDue], [Apr2021PastDue], [TotalMonthsPastDue], [TotalRentPastDue], [May2021Due], [June2021Due], [Jul2021Due], [TotalRentDue], [TotalRPPGrant], [LanguagePreference], [CreatedDate], [CreatedBy], [ModifiedDate], [ModifiedBy], [LeaseType], [MoveInDate]) VALUES (4, 27, 27, 28, NULL, 0, CAST(790.36 AS Decimal(5, 2)), N'07724', CAST(188.34 AS Decimal(5, 2)), CAST(887.33 AS Decimal(5, 2)), CAST(586.31 AS Decimal(5, 2)), CAST(285.30 AS Decimal(5, 2)), CAST(984.29 AS Decimal(5, 2)), CAST(683.28 AS Decimal(5, 2)), CAST(382.27 AS Decimal(5, 2)), CAST(81.25 AS Decimal(5, 2)), CAST(780.24 AS Decimal(5, 2)), CAST(479.23 AS Decimal(5, 2)), CAST(178.22 AS Decimal(5, 2)), CAST(663.04 AS Decimal(5, 2)), -917098461, CAST(27518.69 AS Decimal(7, 2)), CAST(974.17 AS Decimal(5, 2)), CAST(673.16 AS Decimal(5, 2)), CAST(372.15 AS Decimal(5, 2)), CAST(7113.89 AS Decimal(7, 2)), CAST(77012.69 AS Decimal(7, 2)), N'I67IDFN29VC8OGXJ6PJ4Z21EUAIAS', CAST(N'2020-05-02T17:09:48.020' AS DateTime), N'JJ4V5N', CAST(N'2021-02-17T05:42:09.100' AS DateTime), N'SDCXXX','Written Lease (year-to-year)','5/20/2021')
INSERT [dbo].[LandlordApp] ([LandlordAppID], [LandlordID], [TenantID], [AddressID], [CommunityPartnerID], [TransactionStatus], [MonthlyRentAmount], [Aid2020Received], [May2020PastDue], [Jun2020PastDue], [Jul2020PastDue], [Aug2020PastDue], [Sep2020PastDue], [Oct2020PastDue], [Nov2020PastDue], [Dec2020PastDue], [Jan2021PastDue], [Feb2021PastDue], [Mar2021PastDue], [Apr2021PastDue], [TotalMonthsPastDue], [TotalRentPastDue], [May2021Due], [June2021Due], [Jul2021Due], [TotalRentDue], [TotalRPPGrant], [LanguagePreference], [CreatedDate], [CreatedBy], [ModifiedDate], [ModifiedBy], [LeaseType], [MoveInDate]) VALUES (5, 20, 20, 21, 28, 1, CAST(756.49 AS Decimal(5, 2)), N'67715', CAST(183.38 AS Decimal(5, 2)), CAST(396.82 AS Decimal(5, 2)), CAST(610.26 AS Decimal(5, 2)), CAST(823.71 AS Decimal(5, 2)), CAST(37.15 AS Decimal(5, 2)), CAST(250.59 AS Decimal(5, 2)), CAST(464.04 AS Decimal(5, 2)), CAST(677.48 AS Decimal(5, 2)), CAST(890.92 AS Decimal(5, 2)), CAST(104.36 AS Decimal(5, 2)), CAST(317.81 AS Decimal(5, 2)), CAST(519.45 AS Decimal(5, 2)), -84226418, CAST(95814.16 AS Decimal(7, 2)), CAST(171.58 AS Decimal(5, 2)), CAST(385.02 AS Decimal(5, 2)), CAST(598.47 AS Decimal(5, 2)), CAST(81191.33 AS Decimal(7, 2)), CAST(2535.62 AS Decimal(7, 2)), N'JFNAEKRVVJBO2H4OC0MBPJKSFG4TO2WCA4CXLD2CRAUZ', CAST(N'2020-11-26T03:16:57.280' AS DateTime), N'U95RTZ', CAST(N'2021-10-03T18:19:22.320' AS DateTime), N'6ZC2I8','Written Lease (year-to-year)','5/20/2021')
INSERT [dbo].[LandlordApp] ([LandlordAppID], [LandlordID], [TenantID], [AddressID], [CommunityPartnerID], [TransactionStatus], [MonthlyRentAmount], [Aid2020Received], [May2020PastDue], [Jun2020PastDue], [Jul2020PastDue], [Aug2020PastDue], [Sep2020PastDue], [Oct2020PastDue], [Nov2020PastDue], [Dec2020PastDue], [Jan2021PastDue], [Feb2021PastDue], [Mar2021PastDue], [Apr2021PastDue], [TotalMonthsPastDue], [TotalRentPastDue], [May2021Due], [June2021Due], [Jul2021Due], [TotalRentDue], [TotalRPPGrant], [LanguagePreference], [CreatedDate], [CreatedBy], [ModifiedDate], [ModifiedBy], [LeaseType], [MoveInDate]) VALUES (6, 8, 8, 8, NULL, 0, CAST(106.25 AS Decimal(5, 2)), N'68382', CAST(9.22 AS Decimal(5, 2)), CAST(460.71 AS Decimal(5, 2)), CAST(912.19 AS Decimal(5, 2)), CAST(363.68 AS Decimal(5, 2)), CAST(815.17 AS Decimal(5, 2)), CAST(266.65 AS Decimal(5, 2)), CAST(718.14 AS Decimal(5, 2)), CAST(169.62 AS Decimal(5, 2)), CAST(621.11 AS Decimal(5, 2)), CAST(72.60 AS Decimal(5, 2)), CAST(524.08 AS Decimal(5, 2)), CAST(296.37 AS Decimal(5, 2)), 1503173073, CAST(87854.29 AS Decimal(7, 2)), CAST(330.02 AS Decimal(5, 2)), CAST(781.51 AS Decimal(5, 2)), CAST(233.00 AS Decimal(5, 2)), CAST(68448.59 AS Decimal(7, 2)), CAST(13597.16 AS Decimal(7, 2)), N'AZJ96XIN', CAST(N'2020-01-29T10:17:03.450' AS DateTime), N'0LA31J', CAST(N'2021-11-18T14:20:40.610' AS DateTime), N'MCTW38','Written Lease (year-to-year)','5/20/2021')
INSERT [dbo].[LandlordApp] ([LandlordAppID], [LandlordID], [TenantID], [AddressID], [CommunityPartnerID], [TransactionStatus], [MonthlyRentAmount], [Aid2020Received], [May2020PastDue], [Jun2020PastDue], [Jul2020PastDue], [Aug2020PastDue], [Sep2020PastDue], [Oct2020PastDue], [Nov2020PastDue], [Dec2020PastDue], [Jan2021PastDue], [Feb2021PastDue], [Mar2021PastDue], [Apr2021PastDue], [TotalMonthsPastDue], [TotalRentPastDue], [May2021Due], [June2021Due], [Jul2021Due], [TotalRentDue], [TotalRPPGrant], [LanguagePreference], [CreatedDate], [CreatedBy], [ModifiedDate], [ModifiedBy], [LeaseType], [MoveInDate]) VALUES (7, 20, 20, 21, 9, 1, CAST(671.08 AS Decimal(5, 2)), N'42487', CAST(418.87 AS Decimal(5, 2)), CAST(292.77 AS Decimal(5, 2)), CAST(166.67 AS Decimal(5, 2)), CAST(40.57 AS Decimal(5, 2)), CAST(914.46 AS Decimal(5, 2)), CAST(788.36 AS Decimal(5, 2)), CAST(662.26 AS Decimal(5, 2)), CAST(536.16 AS Decimal(5, 2)), CAST(410.05 AS Decimal(5, 2)), CAST(283.95 AS Decimal(5, 2)), CAST(157.85 AS Decimal(5, 2)), CAST(266.32 AS Decimal(5, 2)), 244614578, CAST(77954.90 AS Decimal(7, 2)), CAST(653.44 AS Decimal(5, 2)), CAST(527.34 AS Decimal(5, 2)), CAST(401.24 AS Decimal(5, 2)), CAST(27514.02 AS Decimal(7, 2)), CAST(14903.80 AS Decimal(7, 2)), N'FZUUUYFY7SMYEY562YXAKEPKY4G', CAST(N'2021-10-16T16:31:32.670' AS DateTime), N'O6VP8H', CAST(N'2021-04-15T13:54:17.590' AS DateTime), N'CJ7UR1','Written Lease (year-to-year)','5/20/2021')
INSERT [dbo].[LandlordApp] ([LandlordAppID], [LandlordID], [TenantID], [AddressID], [CommunityPartnerID], [TransactionStatus], [MonthlyRentAmount], [Aid2020Received], [May2020PastDue], [Jun2020PastDue], [Jul2020PastDue], [Aug2020PastDue], [Sep2020PastDue], [Oct2020PastDue], [Nov2020PastDue], [Dec2020PastDue], [Jan2021PastDue], [Feb2021PastDue], [Mar2021PastDue], [Apr2021PastDue], [TotalMonthsPastDue], [TotalRentPastDue], [May2021Due], [June2021Due], [Jul2021Due], [TotalRentDue], [TotalRPPGrant], [LanguagePreference], [CreatedDate], [CreatedBy], [ModifiedDate], [ModifiedBy], [LeaseType], [MoveInDate]) VALUES (8, 32, 32, 33, NULL, 1, CAST(766.42 AS Decimal(5, 2)), N'10233', CAST(662.54 AS Decimal(5, 2)), CAST(110.59 AS Decimal(5, 2)), CAST(558.65 AS Decimal(5, 2)), CAST(6.71 AS Decimal(5, 2)), CAST(454.76 AS Decimal(5, 2)), CAST(902.82 AS Decimal(5, 2)), CAST(350.88 AS Decimal(5, 2)), CAST(798.93 AS Decimal(5, 2)), CAST(246.99 AS Decimal(5, 2)), CAST(695.05 AS Decimal(5, 2)), CAST(143.10 AS Decimal(5, 2)), CAST(863.95 AS Decimal(5, 2)), 1275600394, CAST(48727.76 AS Decimal(7, 2)), CAST(935.33 AS Decimal(5, 2)), CAST(383.39 AS Decimal(5, 2)), CAST(831.44 AS Decimal(5, 2)), CAST(27950.44 AS Decimal(7, 2)), CAST(72756.11 AS Decimal(7, 2)), N'JH5EPTPD2QJ4WS31DVW1', CAST(N'2021-03-31T06:46:41.980' AS DateTime), N'7G0MZY', CAST(N'2021-01-14T10:41:06.040' AS DateTime), N'FIRB05','Written Lease (year-to-year)','5/20/2021')
INSERT [dbo].[LandlordApp] ([LandlordAppID], [LandlordID], [TenantID], [AddressID], [CommunityPartnerID], [TransactionStatus], [MonthlyRentAmount], [Aid2020Received], [May2020PastDue], [Jun2020PastDue], [Jul2020PastDue], [Aug2020PastDue], [Sep2020PastDue], [Oct2020PastDue], [Nov2020PastDue], [Dec2020PastDue], [Jan2021PastDue], [Feb2021PastDue], [Mar2021PastDue], [Apr2021PastDue], [TotalMonthsPastDue], [TotalRentPastDue], [May2021Due], [June2021Due], [Jul2021Due], [TotalRentDue], [TotalRPPGrant], [LanguagePreference], [CreatedDate], [CreatedBy], [ModifiedDate], [ModifiedBy], [LeaseType], [MoveInDate]) VALUES (9, 16, 16, 16, NULL, 1, CAST(400.25 AS Decimal(5, 2)), N'78616', CAST(403.62 AS Decimal(5, 2)), CAST(905.31 AS Decimal(5, 2)), CAST(406.99 AS Decimal(5, 2)), CAST(908.67 AS Decimal(5, 2)), CAST(410.36 AS Decimal(5, 2)), CAST(912.04 AS Decimal(5, 2)), CAST(413.73 AS Decimal(5, 2)), CAST(915.41 AS Decimal(5, 2)), CAST(417.10 AS Decimal(5, 2)), CAST(918.78 AS Decimal(5, 2)), CAST(420.46 AS Decimal(5, 2)), CAST(945.73 AS Decimal(5, 2)), -1769521593, CAST(92552.28 AS Decimal(7, 2)), CAST(427.20 AS Decimal(5, 2)), CAST(928.89 AS Decimal(5, 2)), CAST(430.57 AS Decimal(5, 2)), CAST(93226.05 AS Decimal(7, 2)), CAST(43394.49 AS Decimal(7, 2)), N'33ZKCW09AVQHUFPN88K9S3BFTERBN7', CAST(N'2020-11-15T05:44:10.590' AS DateTime), N'LDDFV4', CAST(N'2020-11-17T16:45:27.890' AS DateTime), N'T9TT9O','Written Lease (year-to-year)','5/20/2021')
INSERT [dbo].[LandlordApp] ([LandlordAppID], [LandlordID], [TenantID], [AddressID], [CommunityPartnerID], [TransactionStatus], [MonthlyRentAmount], [Aid2020Received], [May2020PastDue], [Jun2020PastDue], [Jul2020PastDue], [Aug2020PastDue], [Sep2020PastDue], [Oct2020PastDue], [Nov2020PastDue], [Dec2020PastDue], [Jan2021PastDue], [Feb2021PastDue], [Mar2021PastDue], [Apr2021PastDue], [TotalMonthsPastDue], [TotalRentPastDue], [May2021Due], [June2021Due], [Jul2021Due], [TotalRentDue], [TotalRPPGrant], [LanguagePreference], [CreatedDate], [CreatedBy], [ModifiedDate], [ModifiedBy], [LeaseType], [MoveInDate]) VALUES (10, 35, 35, 36, 15, 1, CAST(967.93 AS Decimal(5, 2)), N'60439', CAST(215.36 AS Decimal(5, 2)), CAST(339.08 AS Decimal(5, 2)), CAST(462.80 AS Decimal(5, 2)), CAST(586.51 AS Decimal(5, 2)), CAST(710.23 AS Decimal(5, 2)), CAST(833.95 AS Decimal(5, 2)), CAST(957.66 AS Decimal(5, 2)), CAST(81.38 AS Decimal(5, 2)), CAST(205.10 AS Decimal(5, 2)), CAST(328.81 AS Decimal(5, 2)), CAST(452.53 AS Decimal(5, 2)), CAST(308.28 AS Decimal(5, 2)), -1598947905, CAST(82368.62 AS Decimal(7, 2)), CAST(947.40 AS Decimal(5, 2)), CAST(71.11 AS Decimal(5, 2)), CAST(194.83 AS Decimal(5, 2)), CAST(31855.30 AS Decimal(7, 2)), CAST(44226.97 AS Decimal(7, 2)), N'7F7GE6TDXP3SVSM1DDE4NCSMZRJRY4OM2SI2NZBHEVMKPA', CAST(N'2021-05-18T11:35:54.700' AS DateTime), N'LIPY2Z', CAST(N'2021-11-15T02:37:54.160' AS DateTime), N'AQBZQF','Written Lease (year-to-year)','5/20/2021')
INSERT [dbo].[LandlordApp] ([LandlordAppID], [LandlordID], [TenantID], [AddressID], [CommunityPartnerID], [TransactionStatus], [MonthlyRentAmount], [Aid2020Received], [May2020PastDue], [Jun2020PastDue], [Jul2020PastDue], [Aug2020PastDue], [Sep2020PastDue], [Oct2020PastDue], [Nov2020PastDue], [Dec2020PastDue], [Jan2021PastDue], [Feb2021PastDue], [Mar2021PastDue], [Apr2021PastDue], [TotalMonthsPastDue], [TotalRentPastDue], [May2021Due], [June2021Due], [Jul2021Due], [TotalRentDue], [TotalRPPGrant], [LanguagePreference], [CreatedDate], [CreatedBy], [ModifiedDate], [ModifiedBy], [LeaseType], [MoveInDate]) VALUES (11, 10, 10, 10, 1, 0, CAST(319.70 AS Decimal(5, 2)), N'03999', CAST(57.21 AS Decimal(5, 2)), CAST(425.96 AS Decimal(5, 2)), CAST(794.71 AS Decimal(5, 2)), CAST(163.46 AS Decimal(5, 2)), CAST(532.21 AS Decimal(5, 2)), CAST(900.96 AS Decimal(5, 2)), CAST(269.71 AS Decimal(5, 2)), CAST(638.46 AS Decimal(5, 2)), CAST(7.21 AS Decimal(5, 2)), CAST(375.96 AS Decimal(5, 2)), CAST(744.72 AS Decimal(5, 2)), CAST(275.98 AS Decimal(5, 2)), -1356500418, CAST(85097.43 AS Decimal(7, 2)), CAST(219.72 AS Decimal(5, 2)), CAST(588.47 AS Decimal(5, 2)), CAST(957.22 AS Decimal(5, 2)), CAST(32597.87 AS Decimal(7, 2)), CAST(69472.98 AS Decimal(7, 2)), N'M6CEY82FVMLGNM2ET0GQ2AKEE2X', CAST(N'2020-11-11T12:42:20.820' AS DateTime), N'7G4QZE', CAST(N'2020-05-03T21:44:39.280' AS DateTime), N'7EV2BP','Written Lease (year-to-year)','5/20/2021')
INSERT [dbo].[LandlordApp] ([LandlordAppID], [LandlordID], [TenantID], [AddressID], [CommunityPartnerID], [TransactionStatus], [MonthlyRentAmount], [Aid2020Received], [May2020PastDue], [Jun2020PastDue], [Jul2020PastDue], [Aug2020PastDue], [Sep2020PastDue], [Oct2020PastDue], [Nov2020PastDue], [Dec2020PastDue], [Jan2021PastDue], [Feb2021PastDue], [Mar2021PastDue], [Apr2021PastDue], [TotalMonthsPastDue], [TotalRentPastDue], [May2021Due], [June2021Due], [Jul2021Due], [TotalRentDue], [TotalRPPGrant], [LanguagePreference], [CreatedDate], [CreatedBy], [ModifiedDate], [ModifiedBy], [LeaseType], [MoveInDate]) VALUES (12, 11, 11, 11, 30, 0, CAST(799.68 AS Decimal(5, 2)), N'80820', CAST(273.14 AS Decimal(5, 2)), CAST(9.87 AS Decimal(5, 2)), CAST(746.60 AS Decimal(5, 2)), CAST(483.33 AS Decimal(5, 2)), CAST(220.06 AS Decimal(5, 2)), CAST(956.79 AS Decimal(5, 2)), CAST(693.52 AS Decimal(5, 2)), CAST(430.25 AS Decimal(5, 2)), CAST(166.98 AS Decimal(5, 2)), CAST(903.71 AS Decimal(5, 2)), CAST(640.44 AS Decimal(5, 2)), CAST(691.40 AS Decimal(5, 2)), 988509085, CAST(85063.80 AS Decimal(7, 2)), CAST(587.36 AS Decimal(5, 2)), CAST(324.09 AS Decimal(5, 2)), CAST(60.82 AS Decimal(5, 2)), CAST(79756.01 AS Decimal(7, 2)), CAST(53429.07 AS Decimal(7, 2)), N'SP8WOAWKMPPD0', CAST(N'2020-01-06T15:48:39.210' AS DateTime), N'C95W69', CAST(N'2020-12-17T06:50:54.930' AS DateTime), N'T525VM','Written Lease (year-to-year)','5/20/2021')
INSERT [dbo].[LandlordApp] ([LandlordAppID], [LandlordID], [TenantID], [AddressID], [CommunityPartnerID], [TransactionStatus], [MonthlyRentAmount], [Aid2020Received], [May2020PastDue], [Jun2020PastDue], [Jul2020PastDue], [Aug2020PastDue], [Sep2020PastDue], [Oct2020PastDue], [Nov2020PastDue], [Dec2020PastDue], [Jan2021PastDue], [Feb2021PastDue], [Mar2021PastDue], [Apr2021PastDue], [TotalMonthsPastDue], [TotalRentPastDue], [May2021Due], [June2021Due], [Jul2021Due], [TotalRentDue], [TotalRPPGrant], [LanguagePreference], [CreatedDate], [CreatedBy], [ModifiedDate], [ModifiedBy], [LeaseType], [MoveInDate]) VALUES (13, 17, 17, 17, 10, 0, CAST(274.07 AS Decimal(5, 2)), N'12931', CAST(835.49 AS Decimal(5, 2)), CAST(616.21 AS Decimal(5, 2)), CAST(396.92 AS Decimal(5, 2)), CAST(177.64 AS Decimal(5, 2)), CAST(958.35 AS Decimal(5, 2)), CAST(739.07 AS Decimal(5, 2)), CAST(519.78 AS Decimal(5, 2)), CAST(300.50 AS Decimal(5, 2)), CAST(81.21 AS Decimal(5, 2)), CAST(861.92 AS Decimal(5, 2)), CAST(642.64 AS Decimal(5, 2)), CAST(353.36 AS Decimal(5, 2)), 698487482, CAST(98478.73 AS Decimal(7, 2)), CAST(765.50 AS Decimal(5, 2)), CAST(546.21 AS Decimal(5, 2)), CAST(326.93 AS Decimal(5, 2)), CAST(10764.51 AS Decimal(7, 2)), CAST(88835.95 AS Decimal(7, 2)), N'NF2INVCGTJ8KDCMX0WBCN5EORCPHS3A3', CAST(N'2020-11-24T08:17:37.000' AS DateTime), N'T54T1C', CAST(N'2020-01-09T04:31:39.970' AS DateTime), N'GLQI2N','Written Lease (year-to-year)','5/20/2021')
INSERT [dbo].[LandlordApp] ([LandlordAppID], [LandlordID], [TenantID], [AddressID], [CommunityPartnerID], [TransactionStatus], [MonthlyRentAmount], [Aid2020Received], [May2020PastDue], [Jun2020PastDue], [Jul2020PastDue], [Aug2020PastDue], [Sep2020PastDue], [Oct2020PastDue], [Nov2020PastDue], [Dec2020PastDue], [Jan2021PastDue], [Feb2021PastDue], [Mar2021PastDue], [Apr2021PastDue], [TotalMonthsPastDue], [TotalRentPastDue], [May2021Due], [June2021Due], [Jul2021Due], [TotalRentDue], [TotalRPPGrant], [LanguagePreference], [CreatedDate], [CreatedBy], [ModifiedDate], [ModifiedBy], [LeaseType], [MoveInDate]) VALUES (14, 23, 23, 23, 26, 0, CAST(969.68 AS Decimal(5, 2)), N'02344', CAST(344.58 AS Decimal(5, 2)), CAST(32.03 AS Decimal(5, 2)), CAST(719.48 AS Decimal(5, 2)), CAST(406.93 AS Decimal(5, 2)), CAST(94.38 AS Decimal(5, 2)), CAST(781.84 AS Decimal(5, 2)), CAST(469.29 AS Decimal(5, 2)), CAST(156.74 AS Decimal(5, 2)), CAST(844.19 AS Decimal(5, 2)), CAST(531.64 AS Decimal(5, 2)), CAST(219.09 AS Decimal(5, 2)), CAST(530.86 AS Decimal(5, 2)), -596467314, CAST(28144.87 AS Decimal(7, 2)), CAST(968.89 AS Decimal(5, 2)), CAST(656.35 AS Decimal(5, 2)), CAST(343.80 AS Decimal(5, 2)), CAST(3125.30 AS Decimal(7, 2)), CAST(71870.40 AS Decimal(7, 2)), N'QM4CVE2DBWOO4X', CAST(N'2020-03-09T07:58:49.810' AS DateTime), N'8XO5FM', CAST(N'2020-12-08T00:15:56.180' AS DateTime), N'2Z2TKG','Written Lease (year-to-year)','5/20/2021')
INSERT [dbo].[LandlordApp] ([LandlordAppID], [LandlordID], [TenantID], [AddressID], [CommunityPartnerID], [TransactionStatus], [MonthlyRentAmount], [Aid2020Received], [May2020PastDue], [Jun2020PastDue], [Jul2020PastDue], [Aug2020PastDue], [Sep2020PastDue], [Oct2020PastDue], [Nov2020PastDue], [Dec2020PastDue], [Jan2021PastDue], [Feb2021PastDue], [Mar2021PastDue], [Apr2021PastDue], [TotalMonthsPastDue], [TotalRentPastDue], [May2021Due], [June2021Due], [Jul2021Due], [TotalRentDue], [TotalRPPGrant], [LanguagePreference], [CreatedDate], [CreatedBy], [ModifiedDate], [ModifiedBy], [LeaseType], [MoveInDate]) VALUES (15, 17, 17, 17, 1, 1, CAST(553.57 AS Decimal(5, 2)), N'34251', CAST(594.09 AS Decimal(5, 2)), CAST(114.34 AS Decimal(5, 2)), CAST(634.60 AS Decimal(5, 2)), CAST(154.85 AS Decimal(5, 2)), CAST(675.11 AS Decimal(5, 2)), CAST(195.36 AS Decimal(5, 2)), CAST(715.62 AS Decimal(5, 2)), CAST(235.87 AS Decimal(5, 2)), CAST(756.13 AS Decimal(5, 2)), CAST(276.38 AS Decimal(5, 2)), CAST(796.64 AS Decimal(5, 2)), CAST(600.47 AS Decimal(5, 2)), -146455832, CAST(35740.87 AS Decimal(7, 2)), CAST(877.66 AS Decimal(5, 2)), CAST(397.91 AS Decimal(5, 2)), CAST(918.17 AS Decimal(5, 2)), CAST(43842.97 AS Decimal(7, 2)), CAST(95868.50 AS Decimal(7, 2)), N'YOPT1OPI0ERB5UOP85VNP', CAST(N'2021-12-30T09:54:24.350' AS DateTime), N'O5R5I3', CAST(N'2020-01-29T23:39:05.030' AS DateTime), N'SVU1LL','Written Lease (year-to-year)','5/20/2021')
INSERT [dbo].[LandlordApp] ([LandlordAppID], [LandlordID], [TenantID], [AddressID], [CommunityPartnerID], [TransactionStatus], [MonthlyRentAmount], [Aid2020Received], [May2020PastDue], [Jun2020PastDue], [Jul2020PastDue], [Aug2020PastDue], [Sep2020PastDue], [Oct2020PastDue], [Nov2020PastDue], [Dec2020PastDue], [Jan2021PastDue], [Feb2021PastDue], [Mar2021PastDue], [Apr2021PastDue], [TotalMonthsPastDue], [TotalRentPastDue], [May2021Due], [June2021Due], [Jul2021Due], [TotalRentDue], [TotalRPPGrant], [LanguagePreference], [CreatedDate], [CreatedBy], [ModifiedDate], [ModifiedBy], [LeaseType], [MoveInDate]) VALUES (16, 35, 35, 36, 16, 1, CAST(24.39 AS Decimal(5, 2)), N'01308', CAST(424.33 AS Decimal(5, 2)), CAST(124.30 AS Decimal(5, 2)), CAST(824.27 AS Decimal(5, 2)), CAST(524.25 AS Decimal(5, 2)), CAST(224.22 AS Decimal(5, 2)), CAST(924.19 AS Decimal(5, 2)), CAST(624.16 AS Decimal(5, 2)), CAST(324.13 AS Decimal(5, 2)), NULL, CAST(724.08 AS Decimal(5, 2)), CAST(424.05 AS Decimal(5, 2)), CAST(923.63 AS Decimal(5, 2)), -1028812532, CAST(52396.95 AS Decimal(7, 2)), NULL, CAST(923.91 AS Decimal(5, 2)), CAST(623.88 AS Decimal(5, 2)), CAST(32385.70 AS Decimal(7, 2)), CAST(2382.88 AS Decimal(7, 2)), N'L4H9YC8PZNF4J3DH11044Y43WI', CAST(N'2020-11-05T08:29:47.200' AS DateTime), N'ZVWZKR', CAST(N'2021-08-24T07:30:38.240' AS DateTime), N'3V8OGF','Written Lease (year-to-year)','5/20/2021')
INSERT [dbo].[LandlordApp] ([LandlordAppID], [LandlordID], [TenantID], [AddressID], [CommunityPartnerID], [TransactionStatus], [MonthlyRentAmount], [Aid2020Received], [May2020PastDue], [Jun2020PastDue], [Jul2020PastDue], [Aug2020PastDue], [Sep2020PastDue], [Oct2020PastDue], [Nov2020PastDue], [Dec2020PastDue], [Jan2021PastDue], [Feb2021PastDue], [Mar2021PastDue], [Apr2021PastDue], [TotalMonthsPastDue], [TotalRentPastDue], [May2021Due], [June2021Due], [Jul2021Due], [TotalRentDue], [TotalRPPGrant], [LanguagePreference], [CreatedDate], [CreatedBy], [ModifiedDate], [ModifiedBy], [LeaseType], [MoveInDate]) VALUES (17, 2, 2, 2, 21, 1, CAST(171.76 AS Decimal(5, 2)), N'52155', CAST(420.80 AS Decimal(5, 2)), CAST(45.32 AS Decimal(5, 2)), CAST(669.85 AS Decimal(5, 2)), CAST(294.37 AS Decimal(5, 2)), CAST(918.89 AS Decimal(5, 2)), CAST(543.41 AS Decimal(5, 2)), CAST(167.93 AS Decimal(5, 2)), CAST(792.45 AS Decimal(5, 2)), CAST(24.11 AS Decimal(5, 2)), CAST(41.49 AS Decimal(5, 2)), CAST(666.01 AS Decimal(5, 2)), CAST(33.83 AS Decimal(5, 2)), -595962225, CAST(53958.05 AS Decimal(7, 2)), CAST(223.94 AS Decimal(5, 2)), CAST(788.62 AS Decimal(5, 2)), CAST(413.14 AS Decimal(5, 2)), CAST(3766.41 AS Decimal(7, 2)), CAST(66218.50 AS Decimal(7, 2)), N'7FJ99UH2LBSQD9AE3V', CAST(N'2021-10-27T04:41:36.710' AS DateTime), N'47IOUG', CAST(N'2020-04-26T23:54:20.650' AS DateTime), N'4QOD1L','Written Lease (year-to-year)','5/20/2021')
INSERT [dbo].[LandlordApp] ([LandlordAppID], [LandlordID], [TenantID], [AddressID], [CommunityPartnerID], [TransactionStatus], [MonthlyRentAmount], [Aid2020Received], [May2020PastDue], [Jun2020PastDue], [Jul2020PastDue], [Aug2020PastDue], [Sep2020PastDue], [Oct2020PastDue], [Nov2020PastDue], [Dec2020PastDue], [Jan2021PastDue], [Feb2021PastDue], [Mar2021PastDue], [Apr2021PastDue], [TotalMonthsPastDue], [TotalRentPastDue], [May2021Due], [June2021Due], [Jul2021Due], [TotalRentDue], [TotalRPPGrant], [LanguagePreference], [CreatedDate], [CreatedBy], [ModifiedDate], [ModifiedBy], [LeaseType], [MoveInDate]) VALUES (18, 31, 31, 32, 3, 0, CAST(859.54 AS Decimal(5, 2)), N'55889', CAST(700.25 AS Decimal(5, 2)), CAST(120.61 AS Decimal(5, 2)), CAST(540.97 AS Decimal(5, 2)), CAST(961.33 AS Decimal(5, 2)), CAST(381.69 AS Decimal(5, 2)), CAST(802.05 AS Decimal(5, 2)), CAST(222.41 AS Decimal(5, 2)), CAST(642.77 AS Decimal(5, 2)), CAST(416.97 AS Decimal(5, 2)), CAST(483.49 AS Decimal(5, 2)), CAST(903.84 AS Decimal(5, 2)), CAST(209.23 AS Decimal(5, 2)), -1046706081, CAST(16492.72 AS Decimal(7, 2)), CAST(164.10 AS Decimal(5, 2)), CAST(5.64 AS Decimal(5, 2)), CAST(426.00 AS Decimal(5, 2)), CAST(84636.34 AS Decimal(7, 2)), CAST(26672.25 AS Decimal(7, 2)), N'BKCR3UMKDN0EDFP19FE6910S59ANVTJ07V62UOGFMA3FLWFAO', CAST(N'2020-03-19T10:21:39.850' AS DateTime), N'CK41ME', CAST(N'2021-11-23T03:44:34.400' AS DateTime), N'5LHNRN','Written Lease (year-to-year)','5/20/2021')
INSERT [dbo].[LandlordApp] ([LandlordAppID], [LandlordID], [TenantID], [AddressID], [CommunityPartnerID], [TransactionStatus], [MonthlyRentAmount], [Aid2020Received], [May2020PastDue], [Jun2020PastDue], [Jul2020PastDue], [Aug2020PastDue], [Sep2020PastDue], [Oct2020PastDue], [Nov2020PastDue], [Dec2020PastDue], [Jan2021PastDue], [Feb2021PastDue], [Mar2021PastDue], [Apr2021PastDue], [TotalMonthsPastDue], [TotalRentPastDue], [May2021Due], [June2021Due], [Jul2021Due], [TotalRentDue], [TotalRPPGrant], [LanguagePreference], [CreatedDate], [CreatedBy], [ModifiedDate], [ModifiedBy], [LeaseType], [MoveInDate]) VALUES (19, 35, 35, 36, NULL, 0, CAST(853.96 AS Decimal(5, 2)), N'83903', CAST(93.96 AS Decimal(5, 2)), CAST(713.96 AS Decimal(5, 2)), CAST(333.96 AS Decimal(5, 2)), CAST(953.96 AS Decimal(5, 2)), CAST(573.96 AS Decimal(5, 2)), CAST(193.96 AS Decimal(5, 2)), CAST(813.96 AS Decimal(5, 2)), CAST(433.95 AS Decimal(5, 2)), CAST(63.13 AS Decimal(5, 2)), CAST(673.95 AS Decimal(5, 2)), CAST(293.95 AS Decimal(5, 2)), CAST(593.94 AS Decimal(5, 2)), 848067906, CAST(15395.54 AS Decimal(7, 2)), CAST(585.28 AS Decimal(5, 2)), CAST(393.95 AS Decimal(5, 2)), CAST(13.95 AS Decimal(5, 2)), CAST(63395.27 AS Decimal(7, 2)), CAST(25395.20 AS Decimal(7, 2)), N'0YPPQ9JJMTJZPJ3Z6H8M6LZZJZXL68U0ZNSKBI5', CAST(N'2020-12-26T14:00:59.730' AS DateTime), N'JFKKRR', CAST(N'2021-06-19T18:47:34.850' AS DateTime), N'ES9R8E','Written Lease (year-to-year)','5/20/2021')
INSERT [dbo].[LandlordApp] ([LandlordAppID], [LandlordID], [TenantID], [AddressID], [CommunityPartnerID], [TransactionStatus], [MonthlyRentAmount], [Aid2020Received], [May2020PastDue], [Jun2020PastDue], [Jul2020PastDue], [Aug2020PastDue], [Sep2020PastDue], [Oct2020PastDue], [Nov2020PastDue], [Dec2020PastDue], [Jan2021PastDue], [Feb2021PastDue], [Mar2021PastDue], [Apr2021PastDue], [TotalMonthsPastDue], [TotalRentPastDue], [May2021Due], [June2021Due], [Jul2021Due], [TotalRentDue], [TotalRPPGrant], [LanguagePreference], [CreatedDate], [CreatedBy], [ModifiedDate], [ModifiedBy], [LeaseType], [MoveInDate]) VALUES (20, 24, 24, 25, NULL, 0, CAST(252.68 AS Decimal(5, 2)), N'05915', CAST(306.82 AS Decimal(5, 2)), CAST(333.89 AS Decimal(5, 2)), CAST(360.96 AS Decimal(5, 2)), CAST(388.03 AS Decimal(5, 2)), CAST(415.10 AS Decimal(5, 2)), CAST(442.17 AS Decimal(5, 2)), CAST(469.24 AS Decimal(5, 2)), CAST(496.31 AS Decimal(5, 2)), CAST(53.95 AS Decimal(5, 2)), CAST(550.45 AS Decimal(5, 2)), CAST(577.52 AS Decimal(5, 2)), CAST(983.58 AS Decimal(5, 2)), -490507048, CAST(65874.01 AS Decimal(7, 2)), CAST(773.95 AS Decimal(5, 2)), CAST(712.88 AS Decimal(5, 2)), CAST(739.95 AS Decimal(5, 2)), CAST(76702.16 AS Decimal(7, 2)), CAST(79409.20 AS Decimal(7, 2)), N'IB1M', CAST(N'2021-09-11T05:02:20.490' AS DateTime), N'3EQO6N', CAST(N'2021-10-20T17:35:07.310' AS DateTime), N'973A0J','Written Lease (year-to-year)','5/20/2021')
INSERT [dbo].[LandlordApp] ([LandlordAppID], [LandlordID], [TenantID], [AddressID], [CommunityPartnerID], [TransactionStatus], [MonthlyRentAmount], [Aid2020Received], [May2020PastDue], [Jun2020PastDue], [Jul2020PastDue], [Aug2020PastDue], [Sep2020PastDue], [Oct2020PastDue], [Nov2020PastDue], [Dec2020PastDue], [Jan2021PastDue], [Feb2021PastDue], [Mar2021PastDue], [Apr2021PastDue], [TotalMonthsPastDue], [TotalRentPastDue], [May2021Due], [June2021Due], [Jul2021Due], [TotalRentDue], [TotalRPPGrant], [LanguagePreference], [CreatedDate], [CreatedBy], [ModifiedDate], [ModifiedBy], [LeaseType], [MoveInDate]) VALUES (21, 12, 12, 12, NULL, 1, CAST(246.21 AS Decimal(5, 2)), N'32851', CAST(20.62 AS Decimal(5, 2)), CAST(407.83 AS Decimal(5, 2)), CAST(795.03 AS Decimal(5, 2)), CAST(182.23 AS Decimal(5, 2)), CAST(569.44 AS Decimal(5, 2)), CAST(956.64 AS Decimal(5, 2)), CAST(343.85 AS Decimal(5, 2)), CAST(731.05 AS Decimal(5, 2)), CAST(523.38 AS Decimal(5, 2)), CAST(505.46 AS Decimal(5, 2)), CAST(892.67 AS Decimal(5, 2)), CAST(700.74 AS Decimal(5, 2)), 688993619, CAST(5428.86 AS Decimal(7, 2)), CAST(685.81 AS Decimal(5, 2)), CAST(828.69 AS Decimal(5, 2)), CAST(215.90 AS Decimal(5, 2)), CAST(60310.81 AS Decimal(7, 2)), CAST(99031.30 AS Decimal(7, 2)), N'NKKBM', CAST(N'2021-07-12T05:56:35.200' AS DateTime), N'98TGL5', CAST(N'2021-01-28T13:36:07.880' AS DateTime), N'PHTM8S','Written Lease (year-to-year)','5/20/2021')
INSERT [dbo].[LandlordApp] ([LandlordAppID], [LandlordID], [TenantID], [AddressID], [CommunityPartnerID], [TransactionStatus], [MonthlyRentAmount], [Aid2020Received], [May2020PastDue], [Jun2020PastDue], [Jul2020PastDue], [Aug2020PastDue], [Sep2020PastDue], [Oct2020PastDue], [Nov2020PastDue], [Dec2020PastDue], [Jan2021PastDue], [Feb2021PastDue], [Mar2021PastDue], [Apr2021PastDue], [TotalMonthsPastDue], [TotalRentPastDue], [May2021Due], [June2021Due], [Jul2021Due], [TotalRentDue], [TotalRPPGrant], [LanguagePreference], [CreatedDate], [CreatedBy], [ModifiedDate], [ModifiedBy], [LeaseType], [MoveInDate]) VALUES (22, 29, 29, 30, 20, 1, CAST(600.12 AS Decimal(5, 2)), N'41357', CAST(865.86 AS Decimal(5, 2)), CAST(998.73 AS Decimal(5, 2)), CAST(131.60 AS Decimal(5, 2)), CAST(264.47 AS Decimal(5, 2)), CAST(397.34 AS Decimal(5, 2)), CAST(530.21 AS Decimal(5, 2)), CAST(663.08 AS Decimal(5, 2)), CAST(795.95 AS Decimal(5, 2)), CAST(118.26 AS Decimal(5, 2)), CAST(61.69 AS Decimal(5, 2)), CAST(194.56 AS Decimal(5, 2)), CAST(187.62 AS Decimal(5, 2)), -714357700, CAST(59318.09 AS Decimal(7, 2)), CAST(441.49 AS Decimal(5, 2)), CAST(858.92 AS Decimal(5, 2)), CAST(991.79 AS Decimal(5, 2)), CAST(12466.31 AS Decimal(7, 2)), CAST(25753.36 AS Decimal(7, 2)), N'X211FZP5RBYDDZ', CAST(N'2021-01-16T23:46:23.110' AS DateTime), N'P5GK5B', CAST(N'2021-07-29T23:33:24.280' AS DateTime), N'8EFIV8','Written Lease (year-to-year)','5/20/2021')
INSERT [dbo].[LandlordApp] ([LandlordAppID], [LandlordID], [TenantID], [AddressID], [CommunityPartnerID], [TransactionStatus], [MonthlyRentAmount], [Aid2020Received], [May2020PastDue], [Jun2020PastDue], [Jul2020PastDue], [Aug2020PastDue], [Sep2020PastDue], [Oct2020PastDue], [Nov2020PastDue], [Dec2020PastDue], [Jan2021PastDue], [Feb2021PastDue], [Mar2021PastDue], [Apr2021PastDue], [TotalMonthsPastDue], [TotalRentPastDue], [May2021Due], [June2021Due], [Jul2021Due], [TotalRentDue], [TotalRPPGrant], [LanguagePreference], [CreatedDate], [CreatedBy], [ModifiedDate], [ModifiedBy], [LeaseType], [MoveInDate]) VALUES (23, 30, 30, 31, 1, 0, CAST(524.29 AS Decimal(5, 2)), N'24709', CAST(14.96 AS Decimal(5, 2)), CAST(260.30 AS Decimal(5, 2)), CAST(505.63 AS Decimal(5, 2)), CAST(750.97 AS Decimal(5, 2)), CAST(996.31 AS Decimal(5, 2)), CAST(241.64 AS Decimal(5, 2)), CAST(486.98 AS Decimal(5, 2)), CAST(732.32 AS Decimal(5, 2)), CAST(928.82 AS Decimal(5, 2)), CAST(222.99 AS Decimal(5, 2)), CAST(468.33 AS Decimal(5, 2)), CAST(148.38 AS Decimal(5, 2)), -1602417519, CAST(20434.23 AS Decimal(7, 2)), CAST(726.05 AS Decimal(5, 2)), CAST(695.01 AS Decimal(5, 2)), CAST(940.35 AS Decimal(5, 2)), CAST(18568.91 AS Decimal(7, 2)), CAST(43102.58 AS Decimal(7, 2)), N'Z2RINOCB4VJD3WED9KIWYYLD', CAST(N'2021-11-03T20:10:12.050' AS DateTime), N'KM4WO0', CAST(N'2020-10-28T00:46:04.420' AS DateTime), N'ADDTX3','Written Lease (year-to-year)','5/20/2021')
INSERT [dbo].[LandlordApp] ([LandlordAppID], [LandlordID], [TenantID], [AddressID], [CommunityPartnerID], [TransactionStatus], [MonthlyRentAmount], [Aid2020Received], [May2020PastDue], [Jun2020PastDue], [Jul2020PastDue], [Aug2020PastDue], [Sep2020PastDue], [Oct2020PastDue], [Nov2020PastDue], [Dec2020PastDue], [Jan2021PastDue], [Feb2021PastDue], [Mar2021PastDue], [Apr2021PastDue], [TotalMonthsPastDue], [TotalRentPastDue], [May2021Due], [June2021Due], [Jul2021Due], [TotalRentDue], [TotalRPPGrant], [LanguagePreference], [CreatedDate], [CreatedBy], [ModifiedDate], [ModifiedBy], [LeaseType], [MoveInDate]) VALUES (24, 35, 35, 36, NULL, 1, CAST(959.18 AS Decimal(5, 2)), N'95486', CAST(297.19 AS Decimal(5, 2)), CAST(466.20 AS Decimal(5, 2)), CAST(635.20 AS Decimal(5, 2)), CAST(804.21 AS Decimal(5, 2)), CAST(973.21 AS Decimal(5, 2)), CAST(142.22 AS Decimal(5, 2)), CAST(311.22 AS Decimal(5, 2)), CAST(480.23 AS Decimal(5, 2)), CAST(977.65 AS Decimal(5, 2)), CAST(818.24 AS Decimal(5, 2)), CAST(987.24 AS Decimal(5, 2)), CAST(522.32 AS Decimal(5, 2)), 1511535663, CAST(49426.35 AS Decimal(7, 2)), CAST(449.67 AS Decimal(5, 2)), CAST(832.27 AS Decimal(5, 2)), CAST(1.27 AS Decimal(5, 2)), CAST(17028.36 AS Decimal(7, 2)), CAST(33928.86 AS Decimal(7, 2)), N'LCDLJXONDNISTY1LQX6', CAST(N'2021-05-09T10:16:21.310' AS DateTime), N'FBFSZJ', CAST(N'2020-01-12T04:12:29.330' AS DateTime), N'2ZX71Y','Written Lease (year-to-year)','5/20/2021')
INSERT [dbo].[LandlordApp] ([LandlordAppID], [LandlordID], [TenantID], [AddressID], [CommunityPartnerID], [TransactionStatus], [MonthlyRentAmount], [Aid2020Received], [May2020PastDue], [Jun2020PastDue], [Jul2020PastDue], [Aug2020PastDue], [Sep2020PastDue], [Oct2020PastDue], [Nov2020PastDue], [Dec2020PastDue], [Jan2021PastDue], [Feb2021PastDue], [Mar2021PastDue], [Apr2021PastDue], [TotalMonthsPastDue], [TotalRentPastDue], [May2021Due], [June2021Due], [Jul2021Due], [TotalRentDue], [TotalRPPGrant], [LanguagePreference], [CreatedDate], [CreatedBy], [ModifiedDate], [ModifiedBy], [LeaseType], [MoveInDate]) VALUES (25, 2, 2, 2, NULL, 1, CAST(239.71 AS Decimal(5, 2)), N'39769', CAST(938.40 AS Decimal(5, 2)), CAST(287.75 AS Decimal(5, 2)), CAST(637.09 AS Decimal(5, 2)), CAST(986.44 AS Decimal(5, 2)), CAST(335.79 AS Decimal(5, 2)), CAST(685.13 AS Decimal(5, 2)), CAST(34.48 AS Decimal(5, 2)), CAST(383.82 AS Decimal(5, 2)), CAST(649.23 AS Decimal(5, 2)), CAST(82.52 AS Decimal(5, 2)), CAST(431.86 AS Decimal(5, 2)), CAST(672.05 AS Decimal(5, 2)), -1234069860, CAST(47990.36 AS Decimal(7, 2)), CAST(663.26 AS Decimal(5, 2)), CAST(178.59 AS Decimal(5, 2)), CAST(527.94 AS Decimal(5, 2)), CAST(87728.71 AS Decimal(7, 2)), CAST(22663.30 AS Decimal(7, 2)), N'LM9CYP', CAST(N'2021-11-06T11:41:25.810' AS DateTime), N'SR0NTX', CAST(N'2021-03-31T12:46:12.410' AS DateTime), N'IK312G','Written Lease (year-to-year)','5/20/2021')
INSERT [dbo].[LandlordApp] ([LandlordAppID], [LandlordID], [TenantID], [AddressID], [CommunityPartnerID], [TransactionStatus], [MonthlyRentAmount], [Aid2020Received], [May2020PastDue], [Jun2020PastDue], [Jul2020PastDue], [Aug2020PastDue], [Sep2020PastDue], [Oct2020PastDue], [Nov2020PastDue], [Dec2020PastDue], [Jan2021PastDue], [Feb2021PastDue], [Mar2021PastDue], [Apr2021PastDue], [TotalMonthsPastDue], [TotalRentPastDue], [May2021Due], [June2021Due], [Jul2021Due], [TotalRentDue], [TotalRPPGrant], [LanguagePreference], [CreatedDate], [CreatedBy], [ModifiedDate], [ModifiedBy], [LeaseType], [MoveInDate]) VALUES (26, 25, 25, 26, 16, 1, CAST(905.67 AS Decimal(5, 2)), N'43661', CAST(101.68 AS Decimal(5, 2)), CAST(199.68 AS Decimal(5, 2)), CAST(297.69 AS Decimal(5, 2)), CAST(395.70 AS Decimal(5, 2)), CAST(493.70 AS Decimal(5, 2)), CAST(591.71 AS Decimal(5, 2)), CAST(689.71 AS Decimal(5, 2)), CAST(787.72 AS Decimal(5, 2)), CAST(733.17 AS Decimal(5, 2)), CAST(983.73 AS Decimal(5, 2)), CAST(81.74 AS Decimal(5, 2)), CAST(551.82 AS Decimal(5, 2)), -171201762, CAST(37575.74 AS Decimal(7, 2)), CAST(829.24 AS Decimal(5, 2)), CAST(571.76 AS Decimal(5, 2)), CAST(669.77 AS Decimal(5, 2)), CAST(76778.03 AS Decimal(7, 2)), CAST(86578.60 AS Decimal(7, 2)), N'U2K1GEW1CY', CAST(N'2020-02-15T02:41:28.400' AS DateTime), N'BBK08V', CAST(N'2020-07-07T04:48:41.120' AS DateTime), N'3N0JV7','Written Lease (year-to-year)','5/20/2021')
SET IDENTITY_INSERT [dbo].[LandlordApp] OFF
SET IDENTITY_INSERT [dbo].[TenantApp] ON 

INSERT [dbo].[TenantApp] ([TenantAppID], [TenantID], [LandlordID], [AddressID], [CommunityPartnerID], [TransactionStatus], [FinancialHardship], [GovermentIssuedID], [FederalHousingSubsidy], [Aid2020Received], [RentDueBehind], [Next90DaysRentHelpNeeded], [OtherProgramsAssistance], [PeopleInHousehold], [WageEarner1Name], [WageEarner1Income2020], [WageEarner2Name], [WageEarner2Income2020], [WageEarner3Name], [WageEarner3Income2020], [WageEarner4Name], [WageEarner4Income2020], [WageEarner5Name], [WageEarner5Income2020], [TotalHouseholdIncome2020], [LanguagePreference], [CreatedDate], [CreatedBy], [ModifiedDate], [ModifiedBy], [MoveInDate]) VALUES (2, 7, 9, 10, 5, 1, N'Yes', N'No', N'No', N'No', N'Yes', N'Yes', N'No', 3, NULL, NULL, NULL, NULL, NULL, NULL, NULL, NULL, NULL, NULL, CAST(30000.00 AS Decimal(7, 2)), N'SP', CAST(N'2021-01-21T00:00:00.000' AS DateTime), N'ihda\gtung', NULL, NULL,'5/20/2021')

INSERT [dbo].[TenantApp] ([TenantAppID], [TenantID], [LandlordID], [AddressID], [CommunityPartnerID], [TransactionStatus], [FinancialHardship], [GovermentIssuedID], [FederalHousingSubsidy], [Aid2020Received], [RentDueBehind], [Next90DaysRentHelpNeeded], [OtherProgramsAssistance], [PeopleInHousehold], [WageEarner1Name], [WageEarner1Income2020], [WageEarner2Name], [WageEarner2Income2020], [WageEarner3Name], [WageEarner3Income2020], [WageEarner4Name], [WageEarner4Income2020], [WageEarner5Name], [WageEarner5Income2020], [TotalHouseholdIncome2020], [LanguagePreference], [CreatedDate], [CreatedBy], [ModifiedDate], [ModifiedBy], [MoveInDate]) VALUES (3, 26, 26, 27, 25, 0, N'4BVQEDUC', N'4012283483', N'Yes', N'No', N'A4QJW6U', N'LT', N'16NX0HE', 5, N'Donald239', CAST(371.85 AS Decimal(5, 2)), N'Alfonso', CAST(416.70 AS Decimal(5, 2)), N'Andy02', CAST(461.56 AS Decimal(5, 2)), N'Neal', CAST(506.41 AS Decimal(5, 2)), N'Jenifer8', CAST(551.26 AS Decimal(5, 2)), CAST(7368.71 AS Decimal(7, 2)), N'ZA5SWCVTWCSMFKO508', CAST(N'2020-03-12T17:27:35.040' AS DateTime), N'KPLON8
', CAST(N'2020-04-01T10:00:21.440' AS DateTime), N'630LD5
','5/20/2021')
INSERT [dbo].[TenantApp] ([TenantAppID], [TenantID], [LandlordID], [AddressID], [CommunityPartnerID], [TransactionStatus], [FinancialHardship], [GovermentIssuedID], [FederalHousingSubsidy], [Aid2020Received], [RentDueBehind], [Next90DaysRentHelpNeeded], [OtherProgramsAssistance], [PeopleInHousehold], [WageEarner1Name], [WageEarner1Income2020], [WageEarner2Name], [WageEarner2Income2020], [WageEarner3Name], [WageEarner3Income2020], [WageEarner4Name], [WageEarner4Income2020], [WageEarner5Name], [WageEarner5Income2020], [TotalHouseholdIncome2020], [LanguagePreference], [CreatedDate], [CreatedBy], [ModifiedDate], [ModifiedBy], [MoveInDate]) VALUES (4, 29, 29, 30, 17, 0, N'M6V1K', N'5528127682', N'No', N'Yes', N'Z', N'', N'HI9', 14, N'Forrest3', CAST(474.42 AS Decimal(5, 2)), N'Arlene', CAST(61.26 AS Decimal(5, 2)), N'Noah337', CAST(648.09 AS Decimal(5, 2)), N'Timmy6', CAST(234.93 AS Decimal(5, 2)), N'Gerard5', CAST(821.77 AS Decimal(5, 2)), CAST(11519.25 AS Decimal(7, 2)), N'', CAST(N'2020-05-06T19:30:12.260' AS DateTime), N'2MTCZH
', CAST(N'2021-01-19T10:25:13.860' AS DateTime), N'BDAWDI
','5/20/2021')
INSERT [dbo].[TenantApp] ([TenantAppID], [TenantID], [LandlordID], [AddressID], [CommunityPartnerID], [TransactionStatus], [FinancialHardship], [GovermentIssuedID], [FederalHousingSubsidy], [Aid2020Received], [RentDueBehind], [Next90DaysRentHelpNeeded], [OtherProgramsAssistance], [PeopleInHousehold], [WageEarner1Name], [WageEarner1Income2020], [WageEarner2Name], [WageEarner2Income2020], [WageEarner3Name], [WageEarner3Income2020], [WageEarner4Name], [WageEarner4Income2020], [WageEarner5Name], [WageEarner5Income2020], [TotalHouseholdIncome2020], [LanguagePreference], [CreatedDate], [CreatedBy], [ModifiedDate], [ModifiedBy], [MoveInDate]) VALUES (5, 27, 27, 28, 17, 1, N'RMO8PZ2P', N'0786356598', N'No', N'Yes', N'AM4D', N'SMCYDB2BM2', N'2G13CF', 8, N'Bridget766', CAST(909.67 AS Decimal(5, 2)), N'Jamison43', CAST(307.65 AS Decimal(5, 2)), N'Danielle7', CAST(705.62 AS Decimal(5, 2)), NULL, CAST(103.60 AS Decimal(5, 2)), N'Bill10', CAST(501.57 AS Decimal(5, 2)), CAST(20056.74 AS Decimal(7, 2)), N'VGOK303TYKYGALCNU2V6MXMNWE0QW61', CAST(N'2021-03-13T11:19:43.680' AS DateTime), N'X09ARN
', CAST(N'2020-06-22T04:24:13.440' AS DateTime), N'6UHCJW
','5/20/2021')
INSERT [dbo].[TenantApp] ([TenantAppID], [TenantID], [LandlordID], [AddressID], [CommunityPartnerID], [TransactionStatus], [FinancialHardship], [GovermentIssuedID], [FederalHousingSubsidy], [Aid2020Received], [RentDueBehind], [Next90DaysRentHelpNeeded], [OtherProgramsAssistance], [PeopleInHousehold], [WageEarner1Name], [WageEarner1Income2020], [WageEarner2Name], [WageEarner2Income2020], [WageEarner3Name], [WageEarner3Income2020], [WageEarner4Name], [WageEarner4Income2020], [WageEarner5Name], [WageEarner5Income2020], [TotalHouseholdIncome2020], [LanguagePreference], [CreatedDate], [CreatedBy], [ModifiedDate], [ModifiedBy], [MoveInDate]) VALUES (6, 20, 20, 21, 14, 1, N'7TPA', N'9598805304', N'Yes', N'No', N'F3S', N'UPT6D7X', N'BLN', 3, N'Marcella56', CAST(595.16 AS Decimal(5, 2)), N'Kari', CAST(22.04 AS Decimal(5, 2)), N'Kisha', CAST(448.93 AS Decimal(5, 2)), N'Sean393', CAST(875.82 AS Decimal(5, 2)), N'Carol', CAST(302.70 AS Decimal(5, 2)), CAST(51614.93 AS Decimal(7, 2)), N'1CRJLKPV92UBECBU70BXC', CAST(N'2020-06-11T09:29:18.010' AS DateTime), N'SDRDQB
', CAST(N'2020-12-15T19:09:27.980' AS DateTime), N'43ZNGK
','5/20/2021')
INSERT [dbo].[TenantApp] ([TenantAppID], [TenantID], [LandlordID], [AddressID], [CommunityPartnerID], [TransactionStatus], [FinancialHardship], [GovermentIssuedID], [FederalHousingSubsidy], [Aid2020Received], [RentDueBehind], [Next90DaysRentHelpNeeded], [OtherProgramsAssistance], [PeopleInHousehold], [WageEarner1Name], [WageEarner1Income2020], [WageEarner2Name], [WageEarner2Income2020], [WageEarner3Name], [WageEarner3Income2020], [WageEarner4Name], [WageEarner4Income2020], [WageEarner5Name], [WageEarner5Income2020], [TotalHouseholdIncome2020], [LanguagePreference], [CreatedDate], [CreatedBy], [ModifiedDate], [ModifiedBy], [MoveInDate]) VALUES (7, 8, 8, 8, 9, 1, N'6', N'1978394715', N'No', N'Yes', N'9Y', N'4F4SOV', N'9L1FRL5S9', 7, N'Darcy', CAST(360.93 AS Decimal(5, 2)), N'Tammy078', CAST(263.90 AS Decimal(5, 2)), N'Traci349', CAST(166.88 AS Decimal(5, 2)), N'Shirley87', CAST(69.85 AS Decimal(5, 2)), N'Latoya', CAST(972.82 AS Decimal(5, 2)), CAST(42430.95 AS Decimal(7, 2)), N'QYU1OO0CX', CAST(N'2020-04-11T01:56:23.980' AS DateTime), N'KBH9CB
', CAST(N'2020-02-28T11:38:51.010' AS DateTime), N'6102E0
','5/20/2021')
INSERT [dbo].[TenantApp] ([TenantAppID], [TenantID], [LandlordID], [AddressID], [CommunityPartnerID], [TransactionStatus], [FinancialHardship], [GovermentIssuedID], [FederalHousingSubsidy], [Aid2020Received], [RentDueBehind], [Next90DaysRentHelpNeeded], [OtherProgramsAssistance], [PeopleInHousehold], [WageEarner1Name], [WageEarner1Income2020], [WageEarner2Name], [WageEarner2Income2020], [WageEarner3Name], [WageEarner3Income2020], [WageEarner4Name], [WageEarner4Income2020], [WageEarner5Name], [WageEarner5Income2020], [TotalHouseholdIncome2020], [LanguagePreference], [CreatedDate], [CreatedBy], [ModifiedDate], [ModifiedBy], [MoveInDate]) VALUES (8, 20, 20, 21, 15, 1, N'ESM', N'1933557734', N'Yes', N'Yes', N'30', N'0FXDP8MICN', N'1NGL9', 10, N'Edward6', CAST(404.97 AS Decimal(5, 2)), N'Grant1', CAST(152.76 AS Decimal(5, 2)), N'Neil695', CAST(900.56 AS Decimal(5, 2)), N'Chrystal26', CAST(648.35 AS Decimal(5, 2)), N'Jeanine0', CAST(396.15 AS Decimal(5, 2)), CAST(27005.27 AS Decimal(7, 2)), N'IDEYUT19D0X', CAST(N'2020-12-02T02:49:28.400' AS DateTime), N'B7E0P6
', CAST(N'2020-08-13T09:35:56.890' AS DateTime), N'YKR59Q
','5/20/2021')
INSERT [dbo].[TenantApp] ([TenantAppID], [TenantID], [LandlordID], [AddressID], [CommunityPartnerID], [TransactionStatus], [FinancialHardship], [GovermentIssuedID], [FederalHousingSubsidy], [Aid2020Received], [RentDueBehind], [Next90DaysRentHelpNeeded], [OtherProgramsAssistance], [PeopleInHousehold], [WageEarner1Name], [WageEarner1Income2020], [WageEarner2Name], [WageEarner2Income2020], [WageEarner3Name], [WageEarner3Income2020], [WageEarner4Name], [WageEarner4Income2020], [WageEarner5Name], [WageEarner5Income2020], [TotalHouseholdIncome2020], [LanguagePreference], [CreatedDate], [CreatedBy], [ModifiedDate], [ModifiedBy], [MoveInDate]) VALUES (9, 32, 32, 33, 15, 1, N'37NIT', N'7578246051', N'Yes', N'No', N'96', N'CXQPA', N'J', 2, N'Valerie378', CAST(970.99 AS Decimal(5, 2)), N'Heath9', CAST(867.11 AS Decimal(5, 2)), N'Lindsay25', CAST(763.22 AS Decimal(5, 2)), N'Terra41', CAST(659.33 AS Decimal(5, 2)), N'Donnie076', CAST(555.45 AS Decimal(5, 2)), CAST(350.77 AS Decimal(7, 2)), N'3A8K26JVU488LTPKW0UW42', CAST(N'2020-12-15T07:51:32.260' AS DateTime), N'UPO21X
', CAST(N'2020-10-30T17:18:34.900' AS DateTime), N'2RFR24
','5/20/2021')
INSERT [dbo].[TenantApp] ([TenantAppID], [TenantID], [LandlordID], [AddressID], [CommunityPartnerID], [TransactionStatus], [FinancialHardship], [GovermentIssuedID], [FederalHousingSubsidy], [Aid2020Received], [RentDueBehind], [Next90DaysRentHelpNeeded], [OtherProgramsAssistance], [PeopleInHousehold], [WageEarner1Name], [WageEarner1Income2020], [WageEarner2Name], [WageEarner2Income2020], [WageEarner3Name], [WageEarner3Income2020], [WageEarner4Name], [WageEarner4Income2020], [WageEarner5Name], [WageEarner5Income2020], [TotalHouseholdIncome2020], [LanguagePreference], [CreatedDate], [CreatedBy], [ModifiedDate], [ModifiedBy], [MoveInDate]) VALUES (10, 16, 16, 16, 1, 0, N'HC3ALPS8V1', N'4599416016', N'No', N'Yes', N'2NQ0W0', N'9W', N'XEC2', 13, N'Alyssa475', CAST(863.38 AS Decimal(5, 2)), N'Kelli8', CAST(866.75 AS Decimal(5, 2)), N'Tracy2', CAST(870.12 AS Decimal(5, 2)), N'Colin850', CAST(873.49 AS Decimal(5, 2)), N'Joann', CAST(876.86 AS Decimal(5, 2)), CAST(37854.86 AS Decimal(7, 2)), N'1XCZDZ2KC', CAST(N'2020-06-18T03:22:34.350' AS DateTime), N'FY1GQB
', CAST(N'2020-06-19T14:52:11.800' AS DateTime), N'NUHV5V
','5/20/2021')
INSERT [dbo].[TenantApp] ([TenantAppID], [TenantID], [LandlordID], [AddressID], [CommunityPartnerID], [TransactionStatus], [FinancialHardship], [GovermentIssuedID], [FederalHousingSubsidy], [Aid2020Received], [RentDueBehind], [Next90DaysRentHelpNeeded], [OtherProgramsAssistance], [PeopleInHousehold], [WageEarner1Name], [WageEarner1Income2020], [WageEarner2Name], [WageEarner2Income2020], [WageEarner3Name], [WageEarner3Income2020], [WageEarner4Name], [WageEarner4Income2020], [WageEarner5Name], [WageEarner5Income2020], [TotalHouseholdIncome2020], [LanguagePreference], [CreatedDate], [CreatedBy], [ModifiedDate], [ModifiedBy], [MoveInDate]) VALUES (11, 35, 35, 36, 30, 0, N'YC71M9JLOJ', N'4395440521', N'No', N'No', N'EXB', N'AOZCLO', N'4F', 2, N'Janet', CAST(329.47 AS Decimal(5, 2)), N'Megan527', CAST(576.90 AS Decimal(5, 2)), N'Rex', CAST(824.33 AS Decimal(5, 2)), N'Ronda', CAST(71.77 AS Decimal(5, 2)), N'Gloria', CAST(319.20 AS Decimal(5, 2)), CAST(44292.20 AS Decimal(7, 2)), N'6UJS3M', CAST(N'2021-02-15T16:32:36.350' AS DateTime), N'BTBWWI
', NULL, N'01XXKY
','5/20/2021')
INSERT [dbo].[TenantApp] ([TenantAppID], [TenantID], [LandlordID], [AddressID], [CommunityPartnerID], [TransactionStatus], [FinancialHardship], [GovermentIssuedID], [FederalHousingSubsidy], [Aid2020Received], [RentDueBehind], [Next90DaysRentHelpNeeded], [OtherProgramsAssistance], [PeopleInHousehold], [WageEarner1Name], [WageEarner1Income2020], [WageEarner2Name], [WageEarner2Income2020], [WageEarner3Name], [WageEarner3Income2020], [WageEarner4Name], [WageEarner4Income2020], [WageEarner5Name], [WageEarner5Income2020], [TotalHouseholdIncome2020], [LanguagePreference], [CreatedDate], [CreatedBy], [ModifiedDate], [ModifiedBy], [MoveInDate]) VALUES (12, 10, 10, 10, 10, 1, N'CXR2E', N'0111460110', N'Yes', N'No', N'W6', N'UKNTO2', N'Z7', 12, N'Marisa', CAST(471.96 AS Decimal(5, 2)), N'Jolene0', CAST(209.46 AS Decimal(5, 2)), N'Bobby92', CAST(946.96 AS Decimal(5, 2)), N'Marcia', CAST(684.47 AS Decimal(5, 2)), N'Karrie', CAST(421.97 AS Decimal(5, 2)), CAST(79072.45 AS Decimal(7, 2)), N'T2XE45D1', CAST(N'2020-04-26T15:43:12.360' AS DateTime), N'BC3M6I
', CAST(N'2020-03-22T07:30:06.260' AS DateTime), N'BAUYIU
','5/20/2021')
INSERT [dbo].[TenantApp] ([TenantAppID], [TenantID], [LandlordID], [AddressID], [CommunityPartnerID], [TransactionStatus], [FinancialHardship], [GovermentIssuedID], [FederalHousingSubsidy], [Aid2020Received], [RentDueBehind], [Next90DaysRentHelpNeeded], [OtherProgramsAssistance], [PeopleInHousehold], [WageEarner1Name], [WageEarner1Income2020], [WageEarner2Name], [WageEarner2Income2020], [WageEarner3Name], [WageEarner3Income2020], [WageEarner4Name], [WageEarner4Income2020], [WageEarner5Name], [WageEarner5Income2020], [TotalHouseholdIncome2020], [LanguagePreference], [CreatedDate], [CreatedBy], [ModifiedDate], [ModifiedBy], [MoveInDate]) VALUES (13, 11, 11, 11, 26, 0, N'3JY6ENHQLB', N'3583605122', N'Yes', N'No', N'T7', N'BND9C28', N'HQP', 1, N'Tera', CAST(517.64 AS Decimal(5, 2)), N'Paul785', CAST(991.10 AS Decimal(5, 2)), N'Shawna7', CAST(464.56 AS Decimal(5, 2)), N'Jolene1', CAST(938.02 AS Decimal(5, 2)), N'Lakisha', CAST(411.48 AS Decimal(5, 2)), CAST(14822.03 AS Decimal(7, 2)), N'HCD50F0H7MQ75WSJVCEY5RTD1325FWRZY9HP67VRT2LG', CAST(N'2020-02-11T18:25:15.430' AS DateTime), N'SUA1GA
', CAST(N'2020-01-02T10:02:35.630' AS DateTime), N'AQ7A6M
','5/20/2021')
INSERT [dbo].[TenantApp] ([TenantAppID], [TenantID], [LandlordID], [AddressID], [CommunityPartnerID], [TransactionStatus], [FinancialHardship], [GovermentIssuedID], [FederalHousingSubsidy], [Aid2020Received], [RentDueBehind], [Next90DaysRentHelpNeeded], [OtherProgramsAssistance], [PeopleInHousehold], [WageEarner1Name], [WageEarner1Income2020], [WageEarner2Name], [WageEarner2Income2020], [WageEarner3Name], [WageEarner3Income2020], [WageEarner4Name], [WageEarner4Income2020], [WageEarner5Name], [WageEarner5Income2020], [TotalHouseholdIncome2020], [LanguagePreference], [CreatedDate], [CreatedBy], [ModifiedDate], [ModifiedBy], [MoveInDate]) VALUES (14, 17, 17, 17, 1, 1, N'4W1Z', N'4139791998', N'No', N'No', N'Y', N'GIXU0PE5', N'2DCY1N', 13, N'Jeannette20', CAST(422.96 AS Decimal(5, 2)), N'Alvin675', CAST(984.39 AS Decimal(5, 2)), N'Chanda769', CAST(545.82 AS Decimal(5, 2)), N'Virgil808', CAST(107.25 AS Decimal(5, 2)), N'Kenny4', CAST(668.68 AS Decimal(5, 2)), CAST(44939.99 AS Decimal(7, 2)), N'MN64U', CAST(N'2020-09-08T05:18:26.830' AS DateTime), N'O3APE7
', CAST(N'2020-09-06T14:48:23.900' AS DateTime), N'BJWDFI
','5/20/2021')
INSERT [dbo].[TenantApp] ([TenantAppID], [TenantID], [LandlordID], [AddressID], [CommunityPartnerID], [TransactionStatus], [FinancialHardship], [GovermentIssuedID], [FederalHousingSubsidy], [Aid2020Received], [RentDueBehind], [Next90DaysRentHelpNeeded], [OtherProgramsAssistance], [PeopleInHousehold], [WageEarner1Name], [WageEarner1Income2020], [WageEarner2Name], [WageEarner2Income2020], [WageEarner3Name], [WageEarner3Income2020], [WageEarner4Name], [WageEarner4Income2020], [WageEarner5Name], [WageEarner5Income2020], [TotalHouseholdIncome2020], [LanguagePreference], [CreatedDate], [CreatedBy], [ModifiedDate], [ModifiedBy], [MoveInDate]) VALUES (15, 23, 23, 23, 16, 0, N'MFGEGHX4X', N'2578279904', N'Yes', N'No', N'6R', N'IRGQBFL', N'BPZY1SLH2K', 15, N'Monique749', CAST(369.05 AS Decimal(5, 2)), N'Darryl82', CAST(743.96 AS Decimal(5, 2)), N'Charles88', CAST(118.86 AS Decimal(5, 2)), N'Israel', CAST(493.76 AS Decimal(5, 2)), N'Dianna', CAST(868.66 AS Decimal(5, 2)), CAST(55611.94 AS Decimal(7, 2)), N'SY2ZPJZ4XCV2AUQ8WE3DOHN426CHEFW0KNY0V', CAST(N'2020-05-14T07:12:42.260' AS DateTime), N'CFSMZN
', CAST(N'2020-02-28T16:31:20.070' AS DateTime), N'6I794I
','5/20/2021')
INSERT [dbo].[TenantApp] ([TenantAppID], [TenantID], [LandlordID], [AddressID], [CommunityPartnerID], [TransactionStatus], [FinancialHardship], [GovermentIssuedID], [FederalHousingSubsidy], [Aid2020Received], [RentDueBehind], [Next90DaysRentHelpNeeded], [OtherProgramsAssistance], [PeopleInHousehold], [WageEarner1Name], [WageEarner1Income2020], [WageEarner2Name], [WageEarner2Income2020], [WageEarner3Name], [WageEarner3Income2020], [WageEarner4Name], [WageEarner4Income2020], [WageEarner5Name], [WageEarner5Income2020], [TotalHouseholdIncome2020], [LanguagePreference], [CreatedDate], [CreatedBy], [ModifiedDate], [ModifiedBy], [MoveInDate]) VALUES (16, 17, 17, 17, 21, 0, N'I005JIAP5', N'1946089918', N'Yes', N'No', N'UYS4BJ0', N'1V', N'QN8S6TX0X', 3, N'Jamison16', CAST(198.41 AS Decimal(5, 2)), N'Raquel', CAST(238.92 AS Decimal(5, 2)), N'Theresa902', CAST(279.43 AS Decimal(5, 2)), N'Barbara', CAST(319.94 AS Decimal(5, 2)), N'Donnell4', CAST(360.45 AS Decimal(5, 2)), CAST(88071.06 AS Decimal(7, 2)), N'S562XEY0AL5DRR1HLBAXWJ7IPHGVHNVQCMLX6', CAST(N'2021-02-26T04:48:21.170' AS DateTime), N'E34SOL
', CAST(N'2020-10-25T21:10:49.630' AS DateTime), N'IT8OR3
','5/20/2021')
INSERT [dbo].[TenantApp] ([TenantAppID], [TenantID], [LandlordID], [AddressID], [CommunityPartnerID], [TransactionStatus], [FinancialHardship], [GovermentIssuedID], [FederalHousingSubsidy], [Aid2020Received], [RentDueBehind], [Next90DaysRentHelpNeeded], [OtherProgramsAssistance], [PeopleInHousehold], [WageEarner1Name], [WageEarner1Income2020], [WageEarner2Name], [WageEarner2Income2020], [WageEarner3Name], [WageEarner3Income2020], [WageEarner4Name], [WageEarner4Income2020], [WageEarner5Name], [WageEarner5Income2020], [TotalHouseholdIncome2020], [LanguagePreference], [CreatedDate], [CreatedBy], [ModifiedDate], [ModifiedBy], [MoveInDate]) VALUES (17, 35, 35, 36, 3, 0, N'2VKOQB0', N'5707591911', N'No', N'No', N'RN', N'XP', N'X4SQ', 12, N'Dante371', CAST(166.54 AS Decimal(5, 2)), N'Julie90', CAST(566.49 AS Decimal(5, 2)), N'Michael44', CAST(966.43 AS Decimal(5, 2)), N'Kristen', CAST(366.37 AS Decimal(5, 2)), N'Don320', CAST(766.32 AS Decimal(5, 2)), CAST(46629.43 AS Decimal(7, 2)), N'K962VQC0O4Z31NPXD9XO', CAST(N'2020-04-26T20:29:27.790' AS DateTime), N'CKFVFJ
', CAST(N'2020-01-01T23:37:29.690' AS DateTime), N'GKSKA7
','5/20/2021')
INSERT [dbo].[TenantApp] ([TenantAppID], [TenantID], [LandlordID], [AddressID], [CommunityPartnerID], [TransactionStatus], [FinancialHardship], [GovermentIssuedID], [FederalHousingSubsidy], [Aid2020Received], [RentDueBehind], [Next90DaysRentHelpNeeded], [OtherProgramsAssistance], [PeopleInHousehold], [WageEarner1Name], [WageEarner1Income2020], [WageEarner2Name], [WageEarner2Income2020], [WageEarner3Name], [WageEarner3Income2020], [WageEarner4Name], [WageEarner4Income2020], [WageEarner5Name], [WageEarner5Income2020], [TotalHouseholdIncome2020], [LanguagePreference], [CreatedDate], [CreatedBy], [ModifiedDate], [ModifiedBy], [MoveInDate]) VALUES (18, 2, 2, 2, 14, 1, N'', N'7336788122', N'Yes', N'Yes', N'GRCTAP3PAI', N'S', N'9E8XVHX', 15, N'Billy016', CAST(186.72 AS Decimal(5, 2)), N'Willie', CAST(435.77 AS Decimal(5, 2)), N'Natasha77', CAST(684.81 AS Decimal(5, 2)), N'Arthur909', CAST(933.85 AS Decimal(5, 2)), N'Elaine569', CAST(182.89 AS Decimal(5, 2)), CAST(80741.79 AS Decimal(7, 2)), N'FX2INQF0463B0Q1RTNH6PTBVEL70F9CZ', CAST(N'2020-05-14T02:45:50.160' AS DateTime), N'4REA0T
', CAST(N'2020-10-19T10:17:53.550' AS DateTime), N'4AKZ8Y
','5/20/2021')
INSERT [dbo].[TenantApp] ([TenantAppID], [TenantID], [LandlordID], [AddressID], [CommunityPartnerID], [TransactionStatus], [FinancialHardship], [GovermentIssuedID], [FederalHousingSubsidy], [Aid2020Received], [RentDueBehind], [Next90DaysRentHelpNeeded], [OtherProgramsAssistance], [PeopleInHousehold], [WageEarner1Name], [WageEarner1Income2020], [WageEarner2Name], [WageEarner2Income2020], [WageEarner3Name], [WageEarner3Income2020], [WageEarner4Name], [WageEarner4Income2020], [WageEarner5Name], [WageEarner5Income2020], [TotalHouseholdIncome2020], [LanguagePreference], [CreatedDate], [CreatedBy], [ModifiedDate], [ModifiedBy], [MoveInDate]) VALUES (19, 31, 31, 32, 30, 0, N'G', N'1935182997', N'No', N'Yes', N'0W', N'LF1WIXT', N'3', 5, N'Jamie732', CAST(117.78 AS Decimal(5, 2)), N'Lydia1', CAST(958.50 AS Decimal(5, 2)), N'Donna', CAST(799.22 AS Decimal(5, 2)), N'Guadalupe', CAST(639.94 AS Decimal(5, 2)), N'Tammy689', CAST(480.66 AS Decimal(5, 2)), CAST(90102.10 AS Decimal(7, 2)), N'84B3K80WZJYWR1XO6JLGINMM73', CAST(N'2020-09-12T16:46:11.760' AS DateTime), N'P07IAB
', CAST(N'2020-08-31T10:40:05.740' AS DateTime), N'H0J4GK
','5/20/2021')
INSERT [dbo].[TenantApp] ([TenantAppID], [TenantID], [LandlordID], [AddressID], [CommunityPartnerID], [TransactionStatus], [FinancialHardship], [GovermentIssuedID], [FederalHousingSubsidy], [Aid2020Received], [RentDueBehind], [Next90DaysRentHelpNeeded], [OtherProgramsAssistance], [PeopleInHousehold], [WageEarner1Name], [WageEarner1Income2020], [WageEarner2Name], [WageEarner2Income2020], [WageEarner3Name], [WageEarner3Income2020], [WageEarner4Name], [WageEarner4Income2020], [WageEarner5Name], [WageEarner5Income2020], [TotalHouseholdIncome2020], [LanguagePreference], [CreatedDate], [CreatedBy], [ModifiedDate], [ModifiedBy], [MoveInDate]) VALUES (20, 35, 35, 36, 23, 0, N'IH', N'2998410803', N'No', N'Yes', N'6YV6UIZMRT', N'37HERNNF', N'3T3M', 5, N'Wade6', CAST(572.58 AS Decimal(5, 2)), N'Ellen87', CAST(812.58 AS Decimal(5, 2)), N'Brandy932', CAST(52.57 AS Decimal(5, 2)), N'Kendra9', CAST(292.57 AS Decimal(5, 2)), N'Jenifer39', CAST(532.57 AS Decimal(5, 2)), CAST(15257.58 AS Decimal(7, 2)), N'IFLVT3TRMPN9FH9PADZMKAB8PRJYKHPWG7IHDO4TX9AYJA5Z9', CAST(N'2020-10-04T16:47:28.400' AS DateTime), N'WA06UL
', CAST(N'2020-07-04T18:34:34.530' AS DateTime), N'SNPDB8
','5/20/2021')
INSERT [dbo].[TenantApp] ([TenantAppID], [TenantID], [LandlordID], [AddressID], [CommunityPartnerID], [TransactionStatus], [FinancialHardship], [GovermentIssuedID], [FederalHousingSubsidy], [Aid2020Received], [RentDueBehind], [Next90DaysRentHelpNeeded], [OtherProgramsAssistance], [PeopleInHousehold], [WageEarner1Name], [WageEarner1Income2020], [WageEarner2Name], [WageEarner2Income2020], [WageEarner3Name], [WageEarner3Income2020], [WageEarner4Name], [WageEarner4Income2020], [WageEarner5Name], [WageEarner5Income2020], [TotalHouseholdIncome2020], [LanguagePreference], [CreatedDate], [CreatedBy], [ModifiedDate], [ModifiedBy], [MoveInDate]) VALUES (21, 24, 24, 25, 12, 1, N'BCL0MMLU', N'6203401105', N'No', N'No', N'8R', N'BBWMLZ', N'I43B0169', 13, N'Jamey7', CAST(909.39 AS Decimal(5, 2)), N'Bradley3', CAST(963.53 AS Decimal(5, 2)), N'Kristine', CAST(17.68 AS Decimal(5, 2)), N'Micah1', CAST(71.82 AS Decimal(5, 2)), N'Dan', CAST(125.96 AS Decimal(5, 2)), CAST(15303.21 AS Decimal(7, 2)), N'C88', CAST(N'2020-04-24T17:12:03.170' AS DateTime), N'Q58SPF
', CAST(N'2021-01-18T01:25:01.360' AS DateTime), N'WZLEJB
','5/20/2021')
INSERT [dbo].[TenantApp] ([TenantAppID], [TenantID], [LandlordID], [AddressID], [CommunityPartnerID], [TransactionStatus], [FinancialHardship], [GovermentIssuedID], [FederalHousingSubsidy], [Aid2020Received], [RentDueBehind], [Next90DaysRentHelpNeeded], [OtherProgramsAssistance], [PeopleInHousehold], [WageEarner1Name], [WageEarner1Income2020], [WageEarner2Name], [WageEarner2Income2020], [WageEarner3Name], [WageEarner3Income2020], [WageEarner4Name], [WageEarner4Income2020], [WageEarner5Name], [WageEarner5Income2020], [TotalHouseholdIncome2020], [LanguagePreference], [CreatedDate], [CreatedBy], [ModifiedDate], [ModifiedBy], [MoveInDate]) VALUES (22, 12, 12, 12, 29, 1, N'94GPFS4U', N'4503072721', N'Yes', N'Yes', N'4D7', N'SIB7G9RO', N'J11PGDL7', 9, N'Jennie76', CAST(339.45 AS Decimal(5, 2)), N'Gary109', CAST(113.86 AS Decimal(5, 2)), N'Carol', CAST(888.27 AS Decimal(5, 2)), N'Joey744', CAST(662.68 AS Decimal(5, 2)), N'Scottie', CAST(437.09 AS Decimal(5, 2)), CAST(82429.75 AS Decimal(7, 2)), N'G73D52JV740QS8ZRCM85OA0DPE', CAST(N'2020-06-12T19:09:40.840' AS DateTime), N'JVTZOJ
', CAST(N'2020-05-18T11:37:41.020' AS DateTime), N'Y4T4A6
','5/20/2021')
INSERT [dbo].[TenantApp] ([TenantAppID], [TenantID], [LandlordID], [AddressID], [CommunityPartnerID], [TransactionStatus], [FinancialHardship], [GovermentIssuedID], [FederalHousingSubsidy], [Aid2020Received], [RentDueBehind], [Next90DaysRentHelpNeeded], [OtherProgramsAssistance], [PeopleInHousehold], [WageEarner1Name], [WageEarner1Income2020], [WageEarner2Name], [WageEarner2Income2020], [WageEarner3Name], [WageEarner3Income2020], [WageEarner4Name], [WageEarner4Income2020], [WageEarner5Name], [WageEarner5Income2020], [TotalHouseholdIncome2020], [LanguagePreference], [CreatedDate], [CreatedBy], [ModifiedDate], [ModifiedBy], [MoveInDate]) VALUES (23, 29, 29, 30, 22, 1, N'WO2RVRO4', N'9136937041', N'No', N'Yes', N'5WQ1', N'KE9D8ULX8', N'OJ795ONS', 8, N'Joshua387', CAST(781.94 AS Decimal(5, 2)), N'Neal10', CAST(47.69 AS Decimal(5, 2)), N'Christi083', CAST(313.43 AS Decimal(5, 2)), N'Cedric06', CAST(579.17 AS Decimal(5, 2)), N'Stuart', CAST(844.91 AS Decimal(5, 2)), CAST(97778.43 AS Decimal(7, 2)), N'JOM5GOZQAE0I19225YSI', CAST(N'2020-08-11T13:37:53.120' AS DateTime), N'OEBYTD
', CAST(N'2020-03-05T18:20:33.450' AS DateTime), N'7MAWJA
','5/20/2021')
INSERT [dbo].[TenantApp] ([TenantAppID], [TenantID], [LandlordID], [AddressID], [CommunityPartnerID], [TransactionStatus], [FinancialHardship], [GovermentIssuedID], [FederalHousingSubsidy], [Aid2020Received], [RentDueBehind], [Next90DaysRentHelpNeeded], [OtherProgramsAssistance], [PeopleInHousehold], [WageEarner1Name], [WageEarner1Income2020], [WageEarner2Name], [WageEarner2Income2020], [WageEarner3Name], [WageEarner3Income2020], [WageEarner4Name], [WageEarner4Income2020], [WageEarner5Name], [WageEarner5Income2020], [TotalHouseholdIncome2020], [LanguagePreference], [CreatedDate], [CreatedBy], [ModifiedDate], [ModifiedBy], [MoveInDate]) VALUES (24, 30, 30, 31, 9, 1, N'Z8HD0J', N'0214742786', N'Yes', N'No', N'DJ8OH', N'3Y6', N'56', 7, N'Christa0', CAST(936.54 AS Decimal(5, 2)), N'Brandi', CAST(427.21 AS Decimal(5, 2)), N'Darryl9', CAST(917.88 AS Decimal(5, 2)), N'Carla6', CAST(408.56 AS Decimal(5, 2)), N'Tammy04', CAST(899.23 AS Decimal(5, 2)), CAST(14457.22 AS Decimal(7, 2)), N'0IL', CAST(N'2020-02-25T06:41:00.670' AS DateTime), N'3XAD9J
', CAST(N'2020-12-06T05:28:45.860' AS DateTime), N'TOJBIL
','5/20/2021')
INSERT [dbo].[TenantApp] ([TenantAppID], [TenantID], [LandlordID], [AddressID], [CommunityPartnerID], [TransactionStatus], [FinancialHardship], [GovermentIssuedID], [FederalHousingSubsidy], [Aid2020Received], [RentDueBehind], [Next90DaysRentHelpNeeded], [OtherProgramsAssistance], [PeopleInHousehold], [WageEarner1Name], [WageEarner1Income2020], [WageEarner2Name], [WageEarner2Income2020], [WageEarner3Name], [WageEarner3Income2020], [WageEarner4Name], [WageEarner4Income2020], [WageEarner5Name], [WageEarner5Income2020], [TotalHouseholdIncome2020], [LanguagePreference], [CreatedDate], [CreatedBy], [ModifiedDate], [ModifiedBy], [MoveInDate]) VALUES (25, 35, 35, 36, 24, 1, N'U', N'4447012530', N'Yes', N'No', N'T3YW2', N'D7CIEIVNZF', N'ZTDP3T0GQ', 2, N'Miranda3', CAST(433.48 AS Decimal(5, 2)), N'Wesley2', CAST(771.49 AS Decimal(5, 2)), N'Scot6', CAST(109.50 AS Decimal(5, 2)), N'Benny714', CAST(447.51 AS Decimal(5, 2)), N'Shawn', CAST(785.52 AS Decimal(5, 2)), CAST(95453.48 AS Decimal(7, 2)), N'02S66PNRH06KYJ', CAST(N'2020-10-03T19:31:33.680' AS DateTime), N'9EOKX7
', CAST(N'2020-09-27T16:25:06.280' AS DateTime), N'X36YYM
','5/20/2021')
INSERT [dbo].[TenantApp] ([TenantAppID], [TenantID], [LandlordID], [AddressID], [CommunityPartnerID], [TransactionStatus], [FinancialHardship], [GovermentIssuedID], [FederalHousingSubsidy], [Aid2020Received], [RentDueBehind], [Next90DaysRentHelpNeeded], [OtherProgramsAssistance], [PeopleInHousehold], [WageEarner1Name], [WageEarner1Income2020], [WageEarner2Name], [WageEarner2Income2020], [WageEarner3Name], [WageEarner3Income2020], [WageEarner4Name], [WageEarner4Income2020], [WageEarner5Name], [WageEarner5Income2020], [TotalHouseholdIncome2020], [LanguagePreference], [CreatedDate], [CreatedBy], [ModifiedDate], [ModifiedBy], [MoveInDate]) VALUES (26, 2, 2, 2, 14, 0, N'XA3IP8MA', N'9299708301', N'Yes', N'No', N'L4JW40TZI', N'40', N'241DUG8', 12, N'Bobbi988', CAST(494.84 AS Decimal(5, 2)), N'Myron37', CAST(193.53 AS Decimal(5, 2)), N'Terrence565', CAST(892.22 AS Decimal(5, 2)), N'Randolph421', CAST(590.91 AS Decimal(5, 2)), N'Janelle660', CAST(289.61 AS Decimal(5, 2)), CAST(63895.62 AS Decimal(7, 2)), N'TIOCB36WM8UEXWNJ60FGM6K3PCQK9WH6FPOFB5AMT56XBAQ', CAST(N'2020-01-16T22:52:33.360' AS DateTime), N'L6HBEA
', CAST(N'2021-03-01T04:47:58.570' AS DateTime), N'BZKPNT
','5/20/2021')
INSERT [dbo].[TenantApp] ([TenantAppID], [TenantID], [LandlordID], [AddressID], [CommunityPartnerID], [TransactionStatus], [FinancialHardship], [GovermentIssuedID], [FederalHousingSubsidy], [Aid2020Received], [RentDueBehind], [Next90DaysRentHelpNeeded], [OtherProgramsAssistance], [PeopleInHousehold], [WageEarner1Name], [WageEarner1Income2020], [WageEarner2Name], [WageEarner2Income2020], [WageEarner3Name], [WageEarner3Income2020], [WageEarner4Name], [WageEarner4Income2020], [WageEarner5Name], [WageEarner5Income2020], [TotalHouseholdIncome2020], [LanguagePreference], [CreatedDate], [CreatedBy], [ModifiedDate], [ModifiedBy], [MoveInDate]) VALUES (27, 25, 25, 26, 7, 1, N'9ML5', N'7572508443', N'No', N'No', N'1YEKWA6VZC', N'MQTG', N'P0VLE2', 4, N'Troy8', CAST(405.41 AS Decimal(5, 2)), N'Arlene24', CAST(601.43 AS Decimal(5, 2)), N'Leanne7', CAST(797.44 AS Decimal(5, 2)), N'Robyn699', CAST(993.45 AS Decimal(5, 2)), N'Ana55', CAST(189.46 AS Decimal(5, 2)), CAST(28747.00 AS Decimal(7, 2)), N'TGZKJ2G', CAST(N'2020-10-25T07:08:14.940' AS DateTime), N'5DJMRQ
', CAST(N'2020-11-18T16:17:32.300' AS DateTime), N'WPZ5E2
','5/20/2021')
SET IDENTITY_INSERT [dbo].[TenantApp] OFF